animalid,rvf_elisa_pn,lepto_elisa_pn,bruc_elisa_pn,qfev_elisa_pn,BVDV_elisa_pn,toxo_elisa_pn,neospora_elisa_pn,district_name,sample_month,animalsex,herdsize_fct
TZN000192809878,0,0,0,0,0,0,0,1,8,1,1
TZA000192810258,0,0,0,0,0,0,0,1,8,1,1
TZA000192810100,0,1,0,0,0,0,0,1,8,1,1
TZA000192810074,0,0,0,0,0,0,1,1,8,1,1
TZA000192810097,0,0,0,0,0,0,0,1,8,1,1
TZA000192810077,0,0,0,0,0,0,1,1,8,1,1
TZA000192810079,0,0,0,0,0,0,0,1,8,1,1
TZA000192810105,0,0,0,0,0,0,0,1,8,1,1
TZN000192809822,0,0,0,0,0,1,0,1,8,1,1
TZN000192809823,0,0,0,0,0,0,0,1,8,1,1
TZN000192809787,0,0,0,0,0,0,1,1,8,1,1
TZN000403251420,0,0,0,0,0,0,1,1,8,1,1
TZN000192807824,0,0,0,0,0,0,1,1,8,1,1
TZN000192807728,0,0,0,0,0,0,1,1,8,1,1
TZN000192807747,0,0,0,0,1,0,0,1,8,1,1
TZN000192807864,0,0,0,0,0,0,0,1,8,2,1
TZN000192807818,0,0,0,0,0,0,0,1,8,1,1
TZN000192807807,0,0,0,1,1,0,0,1,8,1,1
TZN000192807815,0,0,0,0,0,0,0,1,8,1,1
TZN000192807829,1,0,0,0,0,0,1,1,8,1,2
TZN000192807738,0,0,0,0,0,0,0,1,8,1,1
TZN000192807755,0,0,0,0,0,0,0,1,8,1,1
TZN000192807825,0,0,0,0,0,0,0,1,8,1,2
TZN000192807729,0,0,0,0,0,0,0,1,8,1,1
TZN000192807761,0,0,0,0,0,0,0,1,8,1,2
TZN000192807753,0,0,0,0,0,0,0,1,8,1,1
TZN000192807743,0,0,0,0,0,0,1,1,8,1,1
TZA000192809698,0,0,0,0,1,1,0,1,8,1,1
TZA000192809750,0,0,0,0,1,0,0,1,8,1,1
TZA000192809749,0,0,0,0,0,1,1,1,8,1,1
TZA000192809944,0,0,0,0,0,0,1,1,8,1,1
TZA000192809748,0,0,0,0,0,0,1,1,8,1,1
TZN000192809738,0,0,0,0,0,0,0,1,8,1,1
TZN000192809720,0,0,0,0,0,0,1,1,8,1,2
TZN000192809721,0,0,0,0,0,0,1,1,8,1,2
TZN000192809938,0,0,0,0,0,0,0,1,8,1,1
TZN000192809937,0,0,0,1,0,0,0,1,8,1,1
TZN000192809679,0,0,0,0,0,0,0,1,8,1,1
TZN000192809793,0,0,0,0,0,0,0,1,8,1,1
TZA000192809693,0,0,0,0,0,1,1,1,8,1,1
TZA000192809728,0,0,0,0,1,0,0,1,8,1,1
TZA000192809729,0,0,0,0,0,1,0,1,8,1,1
TZN000192809723,0,0,0,0,0,0,1,1,8,1,2
TZN000192809791,0,0,0,0,0,0,1,1,8,1,2
TZN000192809708,0,0,0,0,0,0,0,1,8,1,1
TZN000192809709,0,0,0,0,0,0,0,1,8,1,1
TZN000192809713,0,0,0,0,0,0,0,1,8,1,1
TZN000192809745,0,0,0,0,0,0,0,1,8,1,1
TZN000192809744,0,0,0,0,0,0,0,1,8,1,1
TZN000192809691,0,0,0,0,0,0,0,1,8,1,1
TZN000192809777,0,0,0,0,0,1,0,1,8,1,1
TZN000192809795,0,0,0,0,1,0,0,1,8,1,1
TZN000192809692,0,0,0,0,0,0,0,1,8,1,1
TZN000192809746,0,0,0,0,0,0,0,1,8,1,1
TZA000192809939,0,0,0,0,0,0,0,1,8,1,1
TZA000192809796,0,0,0,0,1,0,1,1,8,1,1
TZA000403784298,0,0,0,0,0,0,0,1,8,1,1
TZN000192809899,0,0,0,0,1,0,0,1,8,1,1
TZA000192809705,0,0,0,0,1,0,0,1,8,1,1
TZA000192809799,0,0,0,0,0,0,0,1,8,1,1
TZA000192809797,0,0,0,0,0,1,0,1,8,1,1
TZA000192809853,0,0,0,0,1,0,0,1,8,1,1
TZA000192809826,0,0,0,0,0,0,1,1,8,1,1
TZA000192809858,0,0,0,0,1,0,0,1,8,1,1
TZA000192809852,0,0,0,0,1,0,0,1,8,1,1
TZN000192807431,0,0,0,0,0,0,0,1,8,1,2
TZN000192807378,0,0,0,0,0,0,0,1,8,1,1
TZN000192807376,0,0,0,0,0,0,1,1,8,1,1
TZN000192807426,0,0,0,0,1,0,0,1,8,1,2
TZN000192807339,0,1,0,0,1,0,1,1,8,1,1
TZN000192807338,0,0,0,0,1,0,0,1,8,1,1
TZN000192807430,0,0,0,0,0,0,0,1,8,1,2
TZN000192807424,0,0,0,0,0,0,0,1,8,1,2
TZN000192807377,0,0,0,1,0,0,0,1,8,1,1
TZN000192807368,0,0,0,0,1,0,0,1,8,1,1
TZN000192807332,0,0,0,0,1,0,0,1,8,1,1
TZN000404029434,0,0,0,0,0,0,0,1,7,1,1
TZN000192807508,0,0,0,0,0,1,1,1,7,1,2
TZN000192807529,0,0,0,0,0,0,0,1,7,1,1
TZN000192807609,0,0,0,0,0,0,0,1,7,1,1
TZN000404029378,0,0,0,0,0,0,0,1,7,1,3
TZN000192807479,0,0,0,0,0,0,1,1,7,1,2
TZN000192807552,0,0,0,0,1,0,1,1,7,1,1
TZN000404029379,0,0,0,0,0,0,0,1,7,1,3
TZN000192807572,0,0,0,0,1,0,0,1,7,1,1
TZN000192807492,0,0,0,0,1,0,1,1,7,1,1
TZN000404029407,0,0,0,0,0,0,0,1,7,1,1
TZN000192807530,0,0,0,0,0,0,1,1,7,1,1
TZN000404029433,0,0,0,0,1,0,0,1,7,1,1
TZN000404029424,0,0,0,0,1,0,1,1,7,1,1
TZN000192807592,0,0,0,0,0,0,1,1,7,1,1
TZN000192807490,0,0,0,0,1,0,0,1,7,1,1
TZN000192807581,0,0,0,0,0,0,0,1,7,1,1
TZN000404029419,0,0,0,0,0,0,0,1,7,1,1
TZN000192807443,0,0,0,0,0,0,0,1,7,1,1
TZN000192807481,0,0,0,0,0,0,0,1,7,1,1
TZN000404029397,0,0,0,0,0,0,0,1,7,1,1
TZN000192807476,0,0,0,0,0,0,0,1,7,1,2
TZN000192807562,0,0,0,0,1,0,0,1,7,1,1
TZN000404029402,0,0,0,0,0,0,0,1,7,1,1
TZN000192807580,0,0,0,0,0,0,0,1,7,1,1
TZN000192807489,0,0,0,0,1,0,0,1,7,1,1
TZN000404029401,0,0,0,0,0,0,0,1,7,1,1
TZN000192807436,0,0,0,0,0,0,0,1,7,1,1
TZN000192807519,0,0,0,0,0,1,0,1,7,1,1
TZN000192807544,0,0,0,0,1,0,1,1,7,1,1
TZN000192807545,0,0,0,0,0,0,0,1,7,1,1
TZN000192807478,0,0,0,0,0,1,1,1,7,1,2
TZN000192807538,0,0,0,0,1,1,0,1,7,1,1
TZN000404029499,0,0,0,0,0,0,0,1,7,1,1
TZN000192807477,0,0,0,0,0,0,1,1,7,1,2
TZN000192807550,0,0,0,0,0,0,0,1,7,1,1
TZN000192807500,0,0,0,0,0,0,0,1,7,1,1
TZN000404029400,0,0,0,0,1,0,0,1,7,1,3
TZN000192807536,0,0,0,0,0,0,0,1,7,1,1
TZN000192807537,0,0,0,0,0,0,0,1,7,1,1
TZN000192807539,0,0,0,0,0,0,1,1,7,1,1
TZN000403251403,0,0,0,0,0,0,0,1,8,1,1
TZN000403251412,0,0,0,0,0,0,0,1,8,1,1
TZN000403251443,0,0,0,0,0,0,1,1,8,1,1
TZN000404029520,0,0,0,0,1,0,0,1,8,1,1
TZN665506405628,0,0,0,0,0,0,0,1,8,1,3
TZN665506225611,0,0,0,0,0,0,0,1,8,1,3
TZN665506165605,0,0,0,0,0,0,1,1,8,1,3
TZN665506165627,0,0,0,0,1,0,0,1,8,1,3
TZN000192807637,0,0,1,0,0,0,1,1,8,1,3
TZN665506145603,0,0,0,0,0,0,0,1,8,1,3
TZN665506415629,1,0,0,0,1,0,0,1,8,1,3
TZN665506215610,0,0,0,0,0,0,0,1,8,1,3
TZN665506205609,0,0,0,0,0,0,0,1,8,1,3
TZA000192809768,0,0,0,0,0,1,0,1,8,1,2
TZA000192809894,0,1,0,0,0,0,0,1,8,1,1
TZN000192809418,0,0,0,0,1,0,1,1,8,1,1
TZN000403255841,0,0,0,0,0,0,1,1,8,1,1
TZN000403251417,0,0,0,0,0,0,0,1,8,1,1
TZN000403251404,0,0,0,0,0,0,1,1,8,1,3
TZN000403251405,1,0,0,0,0,0,0,1,8,1,3
TZN000403251437,0,0,0,0,0,0,0,1,8,1,3
TZN000403255694,0,0,0,0,0,0,1,1,8,1,1
TZN000362737627,0,0,0,0,0,0,0,2,8,1,1
TZN000362737596,0,0,0,0,0,0,0,2,8,1,1
TZA000403268474,0,0,0,0,0,0,0,2,8,1,1
TZN000362737826,0,0,0,0,0,1,0,2,8,1,1
TZN000403258821,0,1,0,0,1,0,0,2,8,1,1
TZN000362733885,0,0,0,0,0,0,1,2,7,1,1
TZN000403258380,0,0,0,0,0,0,1,2,7,1,1
TZN000192808178,0,0,0,0,0,0,0,2,7,1,1
TZN000192808179,0,0,0,0,0,0,1,2,7,1,1
TZN000192808320,0,0,0,0,0,0,0,2,7,1,1
TZN000192808192,0,1,0,0,0,0,1,2,7,1,1
TZN000192807998,0,0,0,0,0,0,1,2,7,1,1
TZA000362736057,0,0,0,0,1,0,0,2,8,1,1
TZA000362735978,0,0,0,0,0,0,1,2,8,1,1
TZA000362735649,0,0,0,0,0,0,1,2,8,1,1
TZA000362735887,0,0,0,0,1,0,0,2,8,2,1
TZN000192807901,0,0,0,0,1,0,1,2,7,1,1
TZA000362736056,0,0,0,0,0,1,0,2,8,1,1
TZA000362735894,0,0,0,0,1,0,0,2,8,1,1
TZA000362735685,0,0,0,0,1,0,0,2,8,1,1
TZA000362735648,0,0,0,0,0,1,0,2,8,1,1
TZA000362735963,0,0,0,0,1,0,0,2,8,1,1
TZA000362735960,0,1,0,0,1,0,0,2,8,1,1
TZA000362735907,0,0,0,0,0,0,0,2,8,1,1
TZA000362735968,0,0,0,0,1,0,0,2,8,1,1
TZA000362735981,0,0,0,0,0,0,0,2,8,1,1
TZA000362735756,0,1,0,0,1,0,0,2,8,1,2
TZA000362735750,0,0,0,0,1,0,1,2,8,1,2
TZA000362735897,0,0,0,0,1,0,0,2,8,1,1
TZA000362735979,0,1,0,0,0,0,1,2,8,1,1
TZA000362735829,0,0,0,0,1,0,0,2,8,1,1
TZA000362735832,0,0,0,0,1,0,1,2,8,1,1
TZA000362735817,0,1,0,0,0,0,0,2,8,1,1
TZA000362735729,0,0,0,0,1,0,0,2,8,1,1
TZA000362735700,0,0,0,0,1,0,0,2,8,1,1
TZA000403258840,0,0,0,0,0,0,1,2,8,1,1
TZA000352735693,0,0,0,0,1,0,0,2,8,1,2
TZA000362735852,0,0,0,0,0,0,0,2,8,1,1
TZA000362735689,0,0,0,0,1,0,0,2,8,1,2
TZA000362736065,0,0,0,0,0,0,0,2,8,1,1
TZA000362736066,0,0,0,0,0,0,0,2,8,1,1
TZA000362737572,0,0,0,0,1,0,0,2,8,1,2
TZA000362735769,0,0,0,0,1,0,1,2,8,1,1
TZA000362735656,0,1,0,0,0,0,1,2,8,1,1
TZA000362735767,0,0,0,0,1,0,0,2,8,1,1
TZN000192809004,0,1,0,0,0,0,1,2,7,1,1
TZN000404054566,0,0,0,0,0,0,1,2,7,1,1
TZN000192809005,0,0,0,0,0,0,1,2,7,1,1
TZN000362736625,0,0,0,0,0,0,0,2,7,1,1
TZN000362736805,0,1,0,0,0,0,0,2,7,1,1
TZN000192808941,0,0,0,0,0,0,1,2,7,1,1
TZN000362736447,0,0,0,0,0,0,0,2,7,1,1
TZN000404054587,0,0,0,0,0,0,0,2,7,1,1
TZN000192808625,0,0,0,0,0,0,0,2,7,1,1
TZN000362736773,0,0,0,0,0,0,0,2,7,1,1
TZN000192808626,0,0,0,0,0,0,0,2,7,1,1
TZN000192808944,0,0,0,0,0,0,0,2,7,1,1
TZA000192808931,0,0,0,0,0,0,0,2,8,1,1
TZN000362736667,0,0,0,0,0,0,1,2,7,1,1
TZN000362736351,0,0,0,0,1,0,0,2,7,1,1
TZN000192808969,0,0,0,0,0,0,0,2,7,1,1
TZA000362735703,0,1,0,0,0,0,0,2,8,1,1
TZA000362736022,0,0,0,0,0,0,0,2,8,2,1
TZA000362735702,0,0,0,0,0,0,0,2,8,1,1
TZA000362735990,0,0,0,0,0,0,1,2,8,1,1
TZA000362735989,0,0,0,0,1,0,0,2,8,1,1
TZN000362737525,0,0,0,0,0,0,0,2,8,1,1
TZN000403258499,0,0,0,0,0,1,0,2,7,1,1
TZN000362737742,0,0,0,0,0,0,1,2,7,1,1
TZN000362736079,0,0,0,0,0,0,0,2,7,1,1
TZN000362737745,0,0,0,0,1,0,0,2,7,1,1
TZN000362737741,0,0,0,0,0,0,1,2,7,1,1
TZN000362737735,0,0,0,0,0,0,1,2,7,1,1
TZN000362737625,0,0,0,0,1,0,0,2,7,1,1
TZN000362737794,0,0,0,0,0,0,1,2,7,1,1
TZN000362737478,0,0,0,0,1,0,0,2,7,1,1
TZN000362737615,0,0,0,0,1,0,0,2,7,1,1
TZN000362737811,0,0,0,0,0,1,0,2,7,2,1
TZN000362737712,0,0,0,0,0,0,0,2,7,1,1
TZN000192814855,0,0,0,0,0,0,1,14,7,2,1
TZN000362738349,0,0,0,0,1,0,1,14,7,1,1
TZN000192814853,0,0,0,0,0,0,0,14,7,2,1
TZN000192814854,0,0,0,0,0,0,0,14,8,2,1
TZA000362738316,0,0,0,0,0,0,1,14,8,1,1
TZN000192813891,0,0,0,0,0,0,0,14,8,1,1
TZA000192813433,0,0,0,0,0,1,1,14,8,1,1
TZA000192813293,0,0,0,0,0,1,0,14,8,2,1
TZN000362738454,0,0,0,0,0,0,1,14,8,1,1
TZN000362738225,0,0,0,0,0,0,0,14,8,1,1
TZN000192813524,0,0,0,0,0,0,0,14,8,1,1
TZN000362738276,0,0,0,0,0,0,0,14,8,1,1
TZN000403251253,0,0,0,0,1,0,0,14,8,1,1
TZN000362739155,0,0,0,0,0,0,0,14,7,1,1
TZN000362738619,0,0,0,0,0,0,0,14,7,1,1
TZN000362738669,0,0,0,0,0,0,0,14,7,1,1
TZN000362738696,0,0,0,0,0,0,0,14,7,1,1
TZN000192814738,0,0,0,0,0,0,1,14,7,1,1
TZN000192814874,0,0,0,0,1,0,0,14,7,1,1
TZN000192814872,0,0,0,0,1,0,0,14,7,1,1
TZN000362738803,1,0,0,0,0,0,1,14,7,1,1
TZN000362738804,0,0,0,0,0,0,0,14,7,1,1
TNZ000362939062,0,0,0,0,0,0,0,14,7,1,1
TZN000362738621,0,0,0,0,1,0,0,14,7,1,1
TZN000362738620,0,0,0,0,0,0,0,14,7,1,1
TZN000362738658,0,0,0,0,0,0,0,14,7,1,1
TZN000362739185,0,0,0,0,0,0,0,14,7,1,1
TZN000362738654,0,0,0,0,0,0,0,14,7,1,1
TZN000192814765,0,0,0,0,0,0,0,14,7,1,1
TZN000362738699,0,0,0,0,0,0,0,14,7,1,1
TZN000192814717,0,0,0,0,0,0,1,14,7,1,1
TZN000192814739,0,1,0,0,0,0,0,14,7,1,1
TZN000362738989,0,0,0,0,0,0,1,14,7,1,1
TZN000192815161,0,0,0,0,0,0,0,14,7,1,1
TZN000362739003,0,0,0,0,0,0,0,14,7,1,1
TZN000362739104,0,0,0,0,0,0,1,14,7,1,1
TZN000192814725,0,0,0,0,0,0,1,14,7,1,1
TZN000362738110,0,0,0,0,0,0,1,14,7,2,1
TZN000192813343,1,0,0,0,1,0,1,14,7,1,1
TZN000362738203,0,0,0,0,0,0,0,14,7,1,1
TZN000192813383,0,0,0,0,1,0,0,14,7,1,1
TZN000362738112,0,0,0,0,0,0,0,14,7,1,1
TZN000362738904,0,0,0,0,0,0,0,14,7,1,1
TZN000192813893,0,0,0,0,0,0,1,14,7,1,1
TZN000192813283,0,0,0,0,1,0,0,14,7,1,1
TZN000192814352,0,0,0,0,0,0,0,14,7,1,1
TZN000362738912,0,0,0,0,0,0,1,14,8,1,1
TZN000362738949,0,0,0,0,0,0,0,14,8,1,1
TZN000362738854,0,0,0,0,0,0,1,14,8,1,1
TZN000362738862,0,0,0,0,1,0,0,14,8,1,1
TZA000362738581,0,0,0,0,0,0,0,14,8,2,1
TZN000362738756,0,0,0,0,0,0,0,14,8,1,1
TZN000362738160,0,0,0,0,1,0,0,14,8,1,1
TZN000362738055,0,1,0,0,0,0,1,14,8,1,1
TZN000362738261,0,0,0,0,0,0,0,14,7,1,1
TZN000362738095,0,0,0,0,0,0,0,14,7,1,1
TZN000362738181,0,0,0,0,0,0,0,14,7,1,1
TZN000362738245,0,0,0,0,0,0,0,14,7,1,1
TZN000362738247,0,0,0,0,0,0,0,14,7,1,1
TZA000192813465,0,0,0,0,0,0,0,14,7,1,1
TZN000362738268,0,0,0,0,0,0,1,14,7,1,1
TZN000362738240,0,0,0,0,0,0,0,14,7,1,1
TZA000192813430,1,0,0,0,0,0,1,14,8,1,1
TZN000362738186,0,0,0,0,0,0,1,14,7,1,1
TZN000362738243,0,0,0,0,0,1,0,14,7,1,1
TZN000362738259,0,0,0,0,0,0,1,14,7,1,1
TZN000362738260,0,0,0,0,0,0,1,14,7,1,1
TZN000362738104,NA,0,0,0,0,0,1,14,7,1,1
TZN000192813665,0,0,0,0,1,0,0,14,7,1,1
TZN000362738234,0,1,0,0,1,0,0,14,7,1,1
TZN000362738379,0,0,0,0,0,0,0,14,7,1,1
TZN000362738050,0,0,0,0,0,0,1,14,7,1,1
TZN000362738272,0,1,0,0,1,0,0,14,7,1,1
TZN000362738149,0,0,0,0,1,0,0,14,8,1,1
TZN000362738591,NA,0,0,0,0,1,0,14,7,1,1
TZN000362738576,NA,0,0,0,0,0,1,14,7,1,1
TZN000362738068,0,0,0,0,0,0,0,14,7,1,1
TZN000362739141,0,0,0,0,0,0,0,14,8,1,1
TZN000362738044,0,0,0,0,0,0,1,14,7,1,3
TZN000362738179,0,0,0,0,0,0,0,14,7,1,1
TZN000192813492,1,0,0,0,1,0,0,14,7,2,1
TZN000192813531,0,1,0,0,1,0,1,14,7,2,1
TZN000192813493,0,1,0,1,1,0,0,14,7,2,1
TZN000192813384,0,1,0,0,1,0,0,14,7,2,1
TZN000192813528,0,1,0,0,1,0,0,14,7,2,1
TZN000192814924,1,1,0,0,1,0,0,14,7,2,1
TZN000192814779,0,1,0,0,1,0,0,14,7,2,1
TZN000192813501,0,0,0,0,1,0,0,14,7,2,1
TZN000362738592,1,0,0,0,1,0,1,14,7,1,1
TZN000192813494,1,0,0,0,1,0,0,14,7,2,1
TZN000192814546,0,0,0,0,0,0,0,14,7,2,1
TZN000192813945,0,0,0,0,0,0,0,14,7,1,1
TZN000192813530,0,1,0,0,1,0,0,14,7,2,1
TZN000362738421,0,1,0,0,1,0,0,14,7,1,1
TZN000192813502,0,0,0,0,1,0,0,14,7,2,1
TZN000192813529,0,0,0,0,1,0,0,14,7,2,1
TZN000362738562,0,0,0,0,0,0,0,14,7,1,1
TZN000192814925,0,0,0,0,1,0,0,14,7,2,1
TZA000362740516,0,0,0,0,0,0,0,4,11,1,1
TZA000362740467,1,1,0,0,0,0,0,4,11,1,1
TZA000365696795,1,0,0,0,0,0,0,4,11,1,1
TZA000362740515,0,0,0,0,0,0,0,4,11,1,1
TZA000365700705,0,0,0,0,0,0,0,4,11,1,1
TZA000362740477,0,0,0,0,0,0,0,4,11,1,1
TZA000365700785,1,0,0,0,0,0,0,4,11,1,1
TZA000362740439,0,0,0,0,0,0,0,4,11,1,1
TZA000362740495,0,1,0,0,0,0,0,4,11,1,1
TZA000365700518,0,1,0,0,1,0,1,4,11,1,2
TZA000362740494,0,0,0,0,0,0,0,4,11,1,1
TZA000365696377,0,1,0,0,1,0,0,4,11,1,3
TZA000365696288,0,0,0,0,1,0,0,4,11,1,3
TZA000365696485,0,1,0,0,1,0,1,4,11,1,3
TZA000365696685,0,0,0,0,1,0,1,4,11,1,3
TZA000375696626,0,1,0,0,1,0,0,4,11,1,3
TZA000365696290,0,0,0,0,1,0,0,4,11,1,3
TZA000365696283,0,0,0,0,1,0,1,4,11,1,3
TZA000365700480,0,0,0,0,0,0,1,4,11,1,1
TZA000365700548,0,0,0,0,0,0,0,4,11,1,1
TZA000365700469,0,0,0,0,0,0,0,4,11,1,1
TZA000362740530,0,0,0,0,0,1,0,4,11,1,1
TZA000362740555,0,0,0,0,0,0,0,4,11,1,1
TZA000365696665,0,0,0,0,1,0,0,4,11,1,4
TZA000355696572,0,0,0,0,1,0,0,4,11,1,4
TZA000365696330,0,0,0,0,1,0,0,4,11,2,4
TZA000365696585,0,0,0,0,1,0,0,4,11,1,4
TZA000365696510,0,0,0,0,1,0,1,4,11,1,4
TZA000365696555,1,0,0,0,1,0,0,4,11,1,4
TZA000365696512,0,0,0,0,1,0,0,4,11,1,4
TZA000375696534,0,0,0,0,1,0,0,4,11,1,4
TZA000365696674,0,0,0,0,1,0,0,4,11,1,4
TZA000365696332,0,0,0,0,1,0,1,4,11,1,4
TZA000375696543,1,0,0,0,1,0,0,4,11,1,4
TZA000362740588,0,0,0,0,0,0,0,4,11,1,1
TZA000362740576,0,0,0,0,0,0,0,4,11,1,1
TZA000365700545,0,0,0,0,0,0,0,4,11,1,2
TZA000365700583,0,0,0,0,0,0,1,4,11,1,2
TZA000365700547,1,1,0,0,0,0,0,4,11,1,2
TZA000365700743,1,0,0,1,0,1,0,4,11,1,1
TZA000365696404,0,0,0,0,0,0,0,4,11,1,3
TZA000365700477,0,0,0,0,0,0,1,4,11,1,1
TZA000365696389,0,0,0,1,0,0,0,4,11,1,3
TZA000365700482,0,0,0,0,0,0,0,4,11,1,1
TZA000375696386,0,0,0,0,1,0,0,4,11,1,3
TZA000365700460,0,0,0,0,0,0,0,4,11,1,1
TZA000365696820,0,0,0,0,1,0,0,4,11,1,1
TZA000365701017,0,0,0,0,1,0,0,4,11,1,1
TZA000365700997,0,1,0,0,1,0,0,4,11,1,1
TZA000365696818,0,0,0,0,1,0,0,4,11,1,1
TZA000365700835,0,0,0,0,1,0,0,4,11,1,1
TZA000365700855,0,0,0,0,1,0,0,4,11,1,2
TZA000365700863,0,0,0,0,1,0,0,4,11,1,1
TZA000365700851,0,0,0,0,1,0,0,4,11,1,1
TZA000365700954,0,1,0,0,1,0,0,4,11,1,2
TZA000365701018,0,0,0,0,1,0,0,4,11,2,1
TZA000365700963,0,1,0,0,1,0,0,4,11,1,2
TZA000365700901,0,0,0,0,1,0,0,4,11,1,2
TZA000365700852,0,0,0,0,1,0,0,4,11,1,1
TZA000365701006,0,1,0,0,1,0,0,4,11,1,2
TZA000365700900,0,0,0,1,1,0,0,4,11,1,2
TZA000365700989,0,1,0,0,1,0,0,4,11,1,1
TZA000365701027,0,0,0,0,1,0,0,4,11,1,1
TZA000365701025,0,1,0,0,1,0,0,4,11,1,1
TZA000365700455,0,1,0,0,1,0,0,4,11,1,1
TZA000365700560,1,0,0,0,1,0,0,4,11,1,1
TZA000365700592,0,0,0,0,1,0,0,4,11,1,1
TZA000365700612,0,1,0,0,0,0,0,4,11,1,1
TZA000365700609,0,0,0,0,0,0,0,4,11,1,1
TZA000365700611,0,0,0,0,0,0,0,4,11,1,1
TZA000375700594,0,0,0,0,1,0,0,4,11,1,1
TZA000365700630,0,0,0,0,0,0,0,4,11,1,1
TZA000365700595,0,1,0,0,1,0,0,4,11,1,1
TZA000365700591,0,1,0,0,1,0,0,4,11,1,1
TZA000403254081,0,0,0,0,0,1,0,5,11,1,1
TZA000404017114,0,0,0,0,0,0,1,5,11,1,1
TZA000404017236,0,0,0,0,0,0,0,5,11,1,1
TZA000404016882,0,1,0,0,1,0,0,5,11,1,1
TZA000404016883,0,0,0,0,0,0,0,5,11,1,1
TZA000365700828,0,0,0,0,0,0,1,5,11,1,1
TZA000403254063,0,0,0,0,1,0,1,5,11,1,1
TZA000404016838,0,1,0,0,0,0,0,5,11,1,1
TZA000403254142,0,0,0,1,0,0,0,5,11,1,1
TZA000403254122,0,0,0,0,0,0,0,5,11,1,1
TZA000403254068,0,1,0,0,1,0,0,5,11,1,1
TZA000404016850,0,1,0,0,1,0,0,5,11,1,1
TZA000403254067,0,1,0,1,1,0,0,5,11,1,1
TZA000404017010,0,1,0,0,1,0,0,5,11,1,1
TZA000404016900,0,1,0,0,1,0,0,5,11,1,1
TZA000404018207,0,1,0,0,0,0,0,9,11,1,3
TZA000404017917,1,1,0,0,0,0,0,9,1,1,2
TZA000404018201,0,0,0,0,0,0,0,9,11,1,3
TZA000404018199,0,1,0,0,0,0,0,9,11,1,3
TZA000404018205,0,0,0,0,0,0,0,9,11,1,3
TZA000404018160,0,1,0,0,1,0,1,9,1,1,3
TZA000404018156,0,1,0,0,1,0,0,9,1,1,3
TZA000404018150,0,0,0,0,1,0,0,9,1,1,3
TZA000404018198,0,0,0,0,0,0,0,9,11,1,3
TZA000404018147,0,1,0,0,0,0,0,9,1,1,3
TZA000404017920,0,1,0,0,0,0,0,9,1,1,2
TZA000404017914,0,1,0,0,0,0,0,9,1,1,2
TZA000404018157,0,1,0,0,1,0,0,9,1,1,3
TZA000404017918,0,1,0,0,0,0,0,9,1,1,2
TZA000404018206,0,1,0,0,0,0,0,9,11,1,3
TZA000404018208,0,0,0,0,0,0,1,9,11,1,3
TZA000404018301,0,0,0,0,0,0,0,9,1,1,1
TZA000404018281,0,0,0,0,0,0,0,9,1,1,2
TZA000404018271,0,0,0,0,0,1,0,9,1,1,2
TZA000404018284,0,1,0,0,0,0,0,9,1,1,1
TZA000404018323,0,0,0,0,0,0,0,9,1,1,1
TZA000404018015,0,0,0,0,0,0,0,9,1,1,3
TZA000404017942,0,0,0,0,0,0,0,9,1,1,3
TZA000404018003,0,0,0,0,0,0,0,9,1,1,3
TZA000404017960,0,1,1,0,0,0,0,9,11,1,3
TZA000404017881,0,1,0,0,0,0,0,9,11,1,3
TZA000404017962,0,1,0,0,0,0,0,9,11,1,3
TZA000404017966,0,1,0,0,0,0,0,9,11,1,3
TZA000404017971,0,0,0,0,0,0,0,9,11,1,3
TZA000404017875,0,1,0,0,0,0,0,9,11,1,3
TZA000404017979,0,0,0,0,0,0,0,9,11,1,3
TZA000404017970,0,0,0,0,0,0,0,9,11,1,3
TZA000404017946,0,0,0,0,0,0,0,9,1,1,3
TZA000404017947,0,0,0,0,0,0,0,9,1,1,3
TZA000404018014,0,0,0,0,0,0,0,9,1,1,3
TZA000404018298,0,0,0,0,0,0,1,9,11,1,1
TZA000404018297,0,0,0,0,0,0,0,9,11,1,1
TZA000404018274,0,0,0,0,1,0,0,9,1,1,2
TZA000404018237,0,0,0,0,0,0,0,9,1,1,1
TZA000404018041,0,0,0,0,0,0,0,9,1,1,1
TZA000404018033,0,0,0,0,0,0,0,9,1,1,1
TZA000404018034,0,0,0,0,0,0,0,9,1,1,1
TZA000404018068,0,0,0,0,0,0,0,9,1,1,1
TZA000404018085,0,0,0,1,0,0,0,9,1,1,1
TZA000404018098,0,0,0,0,0,0,0,9,11,1,1
TZA000404018071,0,0,0,0,1,0,1,9,11,1,1
TZA000404018094,0,0,0,0,0,0,0,9,11,1,1
TZA000404018072,0,0,0,0,0,0,0,9,11,1,1
TZA000404028102,0,0,0,0,0,0,0,9,11,1,1
TZA000404018090,0,0,0,0,0,0,0,9,1,1,1
TZA000404018088,0,0,0,0,0,0,0,9,11,1,1
TZA000404018101,0,1,0,0,0,0,0,9,11,1,1
TZA000404018103,0,0,0,0,0,0,0,9,11,1,1
TZA000404018285,0,1,0,0,0,0,0,9,1,1,1
TZA000404018268,0,0,0,0,1,0,1,9,1,1,2
TZA000404018292,0,0,0,0,0,0,0,9,11,1,1
TZA000404018010,0,0,0,0,0,0,0,9,1,1,3
TZA000404018069,0,0,0,0,0,0,0,9,1,1,1
TZA000404018042,0,0,0,0,0,0,0,9,1,1,1
TZA000404018040,0,0,0,0,0,0,0,9,1,1,1
TZA000404018044,0,1,0,0,0,0,0,9,1,1,1
TZA000404018043,0,0,0,0,0,0,0,9,1,1,1
TZA000404018063,0,0,0,0,0,0,0,9,1,1,1
TZA000404018234,0,1,0,0,0,0,0,9,1,2,1
TZA000404017863,0,0,0,0,0,0,0,9,11,1,1
TZA000404018267,0,0,0,0,1,0,0,9,1,1,2
TZA000404018013,0,0,0,0,0,0,0,9,1,1,3
TZA000404017934,0,0,0,0,0,0,0,9,1,1,3
TZA000404017935,0,1,0,0,0,0,0,9,1,1,3
TZA000404017987,0,0,0,0,0,0,0,9,11,1,3
TZA000404018319,0,1,0,0,0,0,0,9,1,1,1
TZA000404018002,0,0,0,0,0,0,0,9,1,1,3
TZA000404018309,0,0,0,0,0,1,0,9,1,1,1
TZA000404018252,0,1,0,0,0,0,0,9,1,1,2
TZA000404018251,0,1,0,0,1,0,0,9,1,1,2
TZA000404018310,0,0,0,0,0,0,0,9,1,1,1
TZA000404017992,0,0,0,0,0,0,0,9,11,1,3
TZA000404017989,0,0,0,0,1,0,0,9,11,1,3
TZA000404018293,0,0,0,0,1,0,0,9,11,1,1
TZA000404018291,0,1,0,0,0,0,0,9,11,1,1
TZA000404017991,0,0,0,0,0,0,0,9,11,1,3
TZA000404017986,0,0,0,0,0,0,0,9,11,1,3
TZA000404018320,0,0,0,0,0,0,0,9,1,1,1
TZA000404018235,0,0,0,0,0,0,1,9,1,1,1
TZA000404017903,0,0,0,0,0,0,0,9,1,1,1
TZA000404018227,0,1,0,1,0,0,0,9,1,1,1
TZA000404018228,0,1,0,1,0,0,0,9,1,1,1
TZA000404017993,0,0,0,0,0,0,0,9,11,1,3
TZA000404017988,0,1,0,0,0,0,0,9,11,1,3
TZA000404017857,0,0,0,0,0,0,0,9,1,1,1
TZA000404017889,0,1,0,0,0,0,0,9,1,1,1
TZA000404017902,0,0,0,0,0,0,0,9,1,1,1
TZA000404018259,0,0,0,1,0,0,0,9,1,1,1
TZA000404018266,0,0,0,0,0,0,0,9,1,1,2
TZA000362739965,1,1,0,0,0,0,0,16,1,2,2
TZA000362739561,0,1,0,0,0,0,0,16,1,1,3
TZA000362739887,1,0,0,0,0,0,0,16,1,1,1
TZA000362739964,0,1,0,0,0,0,0,16,1,1,2
TZA000362739564,0,1,0,0,0,0,0,16,1,1,3
TZA000362739558,0,1,0,0,0,0,0,16,1,1,3
TZA000362739934,0,0,0,0,0,0,0,16,1,1,1
TZA000362739791,0,0,0,0,0,0,0,16,1,1,1
TZA000362739566,0,1,0,0,0,0,0,16,1,1,3
TZA000362739568,0,1,0,0,0,0,0,16,1,1,3
TZA000362739560,1,1,0,0,0,0,0,16,1,1,3
TZA000362739556,0,0,0,0,0,0,0,16,1,1,3
TZA000362739563,0,1,0,0,0,0,0,16,1,1,3
TZA000362739659,0,0,0,0,0,0,0,16,1,1,1
TZA000362739567,1,1,0,0,0,0,0,16,1,1,3
TZA000362739642,0,0,0,0,0,0,0,16,1,1,3
TZA000362739636,0,0,0,0,0,0,0,16,1,1,3
TZA000362739893,1,0,0,0,1,0,0,16,1,1,1
TZA000362739811,0,0,0,0,0,1,0,16,1,1,1
TZA000362739804,0,1,0,0,1,0,0,16,1,1,2
TZA000362739788,0,1,0,0,0,1,0,16,1,1,1
TZA000362739826,0,1,0,1,0,0,0,16,1,1,2
TZA000362739891,1,0,0,0,1,0,0,16,1,1,1
TZA000362739562,0,1,0,0,0,0,1,16,1,1,3
TZA000362739569,1,0,0,0,0,0,1,16,1,1,3
TZA000362739610,0,0,0,0,0,0,0,16,1,1,3
TZA000362739838,0,0,0,0,0,0,0,16,2,1,1
TZA000362739745,0,0,0,0,0,0,0,16,1,2,2
TZA000362739420,0,0,0,0,0,0,0,16,1,1,1
TZA000362739389,0,0,0,0,0,0,0,16,1,1,2
TZA000362739647,0,0,0,0,0,0,0,16,1,1,3
TZA000362739638,0,0,0,0,0,0,0,16,1,1,3
TZA000362739616,0,0,0,0,0,0,0,16,1,1,3
TZA000362739634,0,0,0,0,0,0,0,16,1,1,3
TZA000362739653,1,0,0,0,0,0,0,16,1,1,3
TZA000362739648,0,0,0,0,0,0,0,16,1,1,3
TZA000362739650,0,1,0,0,0,0,0,16,1,2,3
TZA000362739617,0,0,0,0,0,0,0,16,1,1,3
TZA000362739824,1,1,0,0,0,0,0,16,1,1,2
TZA000362739771,0,0,0,0,0,0,0,16,2,1,1
TZA000362739604,1,0,0,0,0,0,0,16,1,1,3
TZA000362739598,0,0,0,0,0,0,0,16,1,1,3
TZA000362739236,0,1,0,0,0,0,0,16,1,1,1
TZA000362739665,0,0,0,0,0,0,0,16,2,1,1
TZA000362739524,0,0,0,0,0,0,0,16,2,1,2
TZA000362739541,0,0,0,0,0,0,1,16,2,1,2
TZA000362739523,0,0,0,0,0,0,0,16,2,1,2
TZA000362739538,0,0,0,0,0,0,0,16,2,1,2
TZA000362739536,0,0,0,0,0,0,0,16,2,1,2
TZA000362769666,0,0,0,0,0,0,0,16,2,1,1
TZA000362739787,0,1,0,0,0,0,0,16,1,1,1
TZA000362739354,1,1,0,1,1,0,0,16,2,1,1
TZA000362739336,0,1,0,0,0,0,1,16,2,1,1
TZA000362739450,0,0,0,0,0,0,0,16,1,1,1
TZA000362739331,0,0,0,0,0,0,0,16,1,1,1
TZA000362739348,0,1,0,0,0,0,0,16,2,1,1
TZA000362739311,0,0,0,0,0,0,0,16,1,1,1
TZA000362739252,0,1,0,0,0,0,0,16,1,1,2
TZA000362739309,0,0,0,0,0,0,0,16,1,2,1
TZA000362739248,0,1,0,0,0,0,0,16,1,1,2
TZA000362739362,0,1,0,0,0,0,0,16,1,2,2
TZA000362739344,0,1,0,0,0,0,1,16,1,1,1
TZA000362739329,0,0,0,0,0,0,0,16,1,1,1
TZA000362739368,0,1,0,0,0,0,0,16,1,1,2
TZA000362719718,0,0,0,0,0,0,0,16,2,1,1
TZA000362739490,0,0,0,0,0,0,0,16,2,1,1
TZA000362739491,0,0,0,0,0,0,0,16,2,1,1
TZA000362739890,0,0,0,0,0,0,0,16,1,1,1
TZA000362739673,0,0,0,0,0,0,0,16,1,1,1
TZA000362739343,0,1,0,0,0,0,0,16,2,1,1
TZA000362739857,0,1,0,0,0,0,0,16,2,1,1
TZA000362739512,0,0,0,0,0,0,0,16,2,1,2
TZA000362739513,1,0,0,0,1,0,0,16,2,1,2
TZA000362739514,0,0,0,0,1,0,0,16,2,1,2
TZA000362739511,0,0,0,0,0,0,0,16,2,1,2
TZA000362739727,0,0,0,0,0,0,0,16,2,1,1
TZA000362739289,0,0,0,0,0,0,0,16,2,1,1
TZA000362739291,0,1,0,1,0,0,0,16,1,1,1
TZA000362739279,0,0,0,0,0,0,1,16,1,1,1
TZA000362739261,0,1,0,0,0,0,0,16,1,1,1
TZA000372739284,0,0,0,1,0,0,0,16,1,1,1
TZA000362739423,0,0,0,0,0,0,0,16,1,1,1
TZA000362739265,0,0,0,0,0,1,0,16,1,1,1
TZA000362739324,0,1,0,0,0,0,0,16,2,1,1
TZA000362739409,0,1,0,0,0,0,0,16,2,1,1
TZA000362739241,0,0,0,0,0,0,0,16,2,1,1
TZA000362739326,0,0,0,0,0,0,0,16,1,1,1
TZA000362739475,0,0,0,0,0,1,0,16,2,1,1
TZA000362739452,0,1,0,0,0,0,0,16,2,1,1
TZA000362739249,0,1,0,0,0,0,0,16,1,1,2
TZA000362739478,0,0,0,0,0,0,0,16,2,1,1
TZA000362739486,0,0,0,0,0,0,1,16,2,1,1
TZA000362739499,0,0,0,0,0,0,0,16,2,1,1
TZA000362739535,0,1,0,0,0,0,1,16,2,2,2
TZA000362739545,0,0,0,0,0,0,0,16,2,1,1
TZA000362739482,0,1,0,0,0,0,0,16,2,1,1
TZA000362739544,0,0,0,0,0,0,0,16,2,1,1
TZA000362739481,0,0,0,0,0,0,0,16,2,1,1
TZA000192811919,0,0,0,1,1,0,1,3,11,1,2
TZA000192811921,1,0,0,0,1,0,0,3,11,1,2
TZA000192811131,0,0,0,0,0,0,1,3,11,1,1
TZA000192811164,0,0,0,0,0,0,0,3,11,1,1
TZA000404004051,1,0,0,0,0,0,0,3,11,2,1
TZA000192811067,1,0,0,0,0,0,1,3,11,1,1
TZA000192811228,1,0,0,0,1,0,1,3,9,1,1
TZA000192811499,0,0,0,0,0,0,1,3,9,1,1
TZA000192811551,1,0,0,0,1,0,0,3,9,1,1
TZA000192811366,0,0,0,0,0,0,1,3,9,1,1
TZA000192811472,0,0,0,0,0,0,1,3,11,2,1
TZA000192811556,0,0,0,1,1,0,1,3,11,1,1
TZA000192811253,0,0,0,0,1,0,1,3,9,1,1
TZA000192811550,1,0,0,0,0,0,1,3,9,1,1
TZA000192811300,1,0,0,0,1,1,0,3,9,1,1
TZA000192811303,1,0,0,0,1,1,1,3,9,1,1
TZA000192811301,1,0,0,0,0,0,0,3,9,1,1
TZA000192811280,1,0,0,0,0,0,1,3,9,1,1
TZA000192811365,0,0,0,0,0,0,0,3,9,1,1
TZA000192811306,1,0,0,0,0,0,1,3,11,1,3
TZA000192811304,0,1,0,1,0,0,1,3,11,1,3
TZA000192811392,1,1,0,0,1,0,0,3,11,1,3
TZA000192811394,1,0,0,0,1,0,0,3,11,1,3
TZA000192811395,0,0,0,0,0,0,1,3,11,1,3
TZA000192811384,0,0,0,1,1,0,0,3,11,1,3
TZA000192811075,0,0,0,0,1,0,0,3,11,1,1
TZA000192811033,0,0,0,0,1,0,1,3,11,1,2
TZA000192811074,0,0,0,1,1,0,0,3,11,1,1
TZA000192811038,0,0,0,0,1,0,1,3,11,1,2
TZA000192811734,0,0,0,0,0,0,0,3,9,1,1
TZA000192811500,1,0,0,0,0,0,0,3,9,1,1
TZA000192811761,0,0,0,0,0,0,0,3,9,1,1
TZA000192811522,1,0,0,0,0,1,1,3,9,1,1
TZA000192811252,0,0,0,0,1,1,1,3,9,1,1
TZA000192811229,1,0,0,0,1,0,1,3,9,1,1
TZA000192811613,0,0,0,0,1,0,0,3,9,1,1
TZA000192812030,1,0,0,0,1,0,0,3,9,1,1
TZA000192811142,0,0,0,0,1,1,0,3,9,1,1
TZA000192811576,1,0,0,0,1,1,0,3,9,1,1
TZA000192811187,0,0,0,0,1,1,0,3,9,1,1
TZA000192811168,0,0,0,0,1,0,0,3,9,1,1
TZA000192811224,0,0,0,0,1,0,0,3,9,1,1
TZA000192811276,0,0,0,0,1,0,1,3,9,1,1
TZA000192812031,0,0,0,0,1,0,0,3,9,1,1
TZA000192811620,0,0,0,0,0,0,0,3,9,1,1
TZA000192811218,0,0,0,0,1,0,0,3,9,1,1
TZA000404005338,1,0,0,0,0,0,1,3,9,2,1
TZA000192811125,0,0,0,0,1,1,0,3,9,1,1
TZA000192811553,0,0,0,0,1,0,1,3,9,1,1
TZA000192811554,0,0,0,0,1,0,0,3,9,1,1
TZA000192811567,0,0,0,0,1,0,0,3,9,1,1
TZA000192811233,1,0,0,0,1,0,0,3,9,1,1
TZA000192811558,1,0,0,0,1,0,0,3,11,1,1
TZA000192811501,0,0,0,0,1,0,1,3,9,1,1
TZA000192811502,1,0,0,0,0,0,0,3,9,1,1
TZA000192811312,0,0,0,0,1,0,0,3,11,1,1
TZA000192811232,0,0,0,0,1,0,1,3,9,1,1
TZA000192811487,0,0,0,0,0,1,1,3,9,1,1
TZA000192811694,0,0,0,1,0,0,1,3,11,1,1
TZA000192811150,0,0,0,0,0,0,0,3,9,1,2
TZA000192811151,0,0,0,0,1,0,1,3,9,1,2
TZA000192811149,0,0,0,0,1,0,1,3,9,1,2
TZA000192811148,0,0,0,0,1,0,0,3,9,1,2
TZA000192811265,0,0,0,0,1,0,0,3,9,1,1
TZA000192811495,0,1,0,0,0,0,0,3,9,1,1
TZA000192811155,0,0,0,0,1,1,0,3,9,1,1
TZA000192811271,1,0,0,0,0,0,1,3,9,1,1
TZA000192811200,0,0,0,0,0,1,0,3,9,1,1
TZA000192811612,0,0,0,0,0,0,0,3,9,1,1
TZA000192811132,0,0,0,0,1,1,0,3,9,1,1
TZA000192811194,0,0,0,0,0,0,0,3,9,1,1
TZA000192811277,0,0,0,0,1,0,0,3,9,1,1
TZA000192811192,0,0,0,0,1,0,0,3,9,1,1
TZA000192811186,0,0,0,0,1,0,1,3,9,1,1
TZA000192811185,0,0,0,0,1,0,1,3,9,1,1
TZA000192811904,0,0,0,0,1,1,0,3,9,1,1
TZA000192812065,0,0,0,0,0,0,0,3,11,1,1
TZA000192812055,0,0,0,0,1,0,0,3,11,1,2
TZA000404004035,0,0,0,0,1,0,0,3,11,1,2
TZA000192811957,1,1,0,0,1,0,0,3,11,1,2
TZA000404004034,0,0,0,0,1,0,0,3,11,1,2
TZA000192812036,0,0,0,0,1,1,0,3,11,1,2
TZA000192811358,0,0,0,0,0,0,0,3,11,1,2
TZA000192811357,0,0,0,0,1,0,0,3,11,1,2
TZA000192810892,1,0,0,0,0,1,0,3,11,1,1
TZA000192810881,0,0,0,0,1,0,0,3,11,1,1
TZA000192810886,1,1,0,0,0,0,0,3,11,1,1
TZA000192810887,0,0,0,0,0,0,1,3,11,1,1
TZA000192810982,0,0,0,0,1,0,0,3,11,1,1
TZA000192810891,0,0,0,0,0,0,1,3,11,1,1
TZA000192810905,1,0,0,0,1,0,0,3,11,1,1
TZA000192810904,0,0,0,0,0,0,0,3,11,1,1
TZA000192810906,0,0,0,0,1,0,0,3,11,1,1
TZA000192810981,0,0,0,0,1,0,0,3,11,1,1
TZA000192810884,0,0,0,0,0,0,0,3,11,1,1
TZA000192811163,0,0,0,0,0,0,0,3,11,1,1
TZA000192811105,0,0,0,0,0,0,1,3,11,1,1
TZA000192811104,0,0,0,0,0,1,1,3,11,1,1
TZA000192811333,0,1,0,0,1,0,0,3,11,1,3
TZA000192811329,0,0,0,0,1,0,1,3,11,1,3
TZA000192811331,0,1,0,1,1,0,1,3,11,1,3
TZA000192811923,0,0,0,0,1,0,0,3,11,1,2
TZA000404003097,0,0,0,0,0,0,0,15,9,1,1
TZA000404003179,0,0,0,0,0,0,0,15,9,1,1
TZA000404003170,0,0,0,0,0,0,0,15,9,1,1
TZA000404003079,0,0,0,0,0,0,0,15,9,1,1
TZA000404003198,0,0,0,0,0,0,0,15,9,1,1
TZA000404003100,0,0,0,0,0,0,0,15,9,2,1
TZA000404003138,0,0,0,0,0,0,0,15,9,1,1
TZA000404003104,0,0,0,0,0,0,0,15,9,1,1
TZA000404003103,0,0,0,0,0,0,0,15,9,1,1
TZA000404003318,0,0,0,0,0,0,1,15,9,2,1
TZA000404003173,0,0,0,0,0,0,0,15,9,1,1
TZA000404003182,0,0,0,0,0,0,0,15,9,1,1
TZA000404003144,0,0,0,0,0,0,0,15,9,1,1
TZA000365695005,0,0,0,0,0,0,0,15,10,1,1
TZA000365605021,0,0,0,0,0,0,0,15,10,1,1
TZA000365694977,0,0,0,0,0,0,0,15,10,1,1
TZA000365604916,0,0,0,0,0,0,0,15,10,1,1
TZA000365695008,0,0,0,0,0,0,0,15,10,1,1
TZA000365695018,0,0,0,0,0,0,0,15,10,1,1
TZA000465695017,0,0,0,0,0,0,0,15,10,1,1
TZA000365694976,0,0,0,0,0,0,0,15,10,1,1
TZA000365694948,0,0,0,0,1,0,0,15,10,1,1
TZA000365694946,0,0,0,0,1,0,0,15,10,1,1
TZA000365604968,0,0,0,0,1,0,0,15,10,1,1
TZA000365694972,0,0,0,0,0,0,1,15,10,1,1
TZA000365694962,0,0,0,0,1,0,1,15,10,1,1
TZA000365694965,0,0,1,1,1,0,0,15,10,1,1
TZA000404003317,0,0,0,0,0,0,0,15,9,2,1
TZA000404003195,0,0,0,0,0,0,0,15,9,1,1
TZA000404003196,0,0,0,0,0,0,0,15,9,1,1
TZA000365694662,0,0,0,0,0,0,0,15,10,1,1
TZA000365694648,0,0,0,0,0,0,0,15,10,1,1
TZA000365694639,0,0,0,0,0,0,0,15,10,1,1
TZA000365694732,0,0,0,0,0,0,0,15,10,1,1
TZA000365694663,0,0,0,0,0,0,0,15,10,1,1
TZA000365694659,0,0,0,0,0,0,0,15,10,1,1
TZA000365694652,0,0,0,0,0,0,0,15,10,1,1
TZA000365694517,0,0,0,0,0,0,0,15,10,1,1
TZA000365694446,0,0,0,0,0,1,0,15,10,1,1
TZA000365694544,0,0,0,0,0,0,0,15,10,1,1
TZA000365694546,0,0,0,0,1,0,1,15,10,1,1
TZA000365694650,0,1,0,0,1,0,0,15,10,1,1
TZA000365694530,0,0,0,0,0,0,0,15,10,1,1
TZA000365694543,0,1,0,0,0,0,1,15,10,1,1
TZA000365694745,0,0,0,0,1,0,0,15,10,1,1
TZA000365694533,0,1,0,0,1,0,0,15,10,1,1
TZA000365694735,0,0,0,0,0,0,0,15,10,1,1
TZA000365694657,0,0,0,0,0,0,1,15,10,1,1
TZA000365694526,0,0,0,0,0,0,0,15,10,1,1
TZA000365694734,0,0,0,0,0,0,0,15,10,1,1
TZA000365694542,0,0,0,0,0,0,1,15,10,1,1
TZA000365694450,0,0,0,0,0,0,0,15,10,1,1
TZA000365694456,0,0,0,0,0,0,0,15,10,1,1
TZA000365694529,0,0,0,0,1,0,0,15,10,1,1
TZA000365694502,0,0,0,0,0,0,1,15,10,1,1
TZA000365694457,0,0,0,0,0,0,0,15,10,1,1
TZA000365694528,0,0,0,0,0,0,0,15,10,1,1
TZA000365694512,0,0,0,0,0,0,1,15,10,1,1
TZA000365694513,0,0,0,0,0,0,1,15,10,1,1
TZA000404000163,0,1,0,0,1,0,0,15,9,1,1
TZA000404000164,0,0,0,0,1,0,0,15,9,1,1
TZA000404000148,0,0,0,0,1,0,0,15,9,1,1
TZA000404000166,0,0,0,0,0,0,0,15,9,1,1
TZA000404000134,0,0,0,0,1,0,0,15,9,1,1
TZA000404000160,0,0,0,0,1,0,0,15,9,1,1
TZA000404000136,0,0,0,0,1,0,0,15,9,1,1
TZA000404000161,1,0,0,0,0,0,1,15,9,1,1
TZA000404000087,0,0,0,0,0,0,0,15,9,1,1
TZA000404000165,0,0,0,0,0,0,0,15,9,1,1
TZA000365694714,0,0,0,0,0,0,0,15,11,1,1
TZA000365694710,0,0,0,0,0,0,0,15,11,1,1
TZA000365694431,0,0,0,0,0,0,0,15,10,1,1
TZA000365694433,0,0,0,0,0,0,0,15,10,1,1
TZA000365694493,1,0,0,0,0,0,0,15,11,1,1
TZA000365694607,1,0,0,0,0,0,0,15,11,1,1
TZA000365694495,0,0,0,0,0,0,0,15,10,1,1
TZA000365694615,0,0,0,0,0,0,0,15,11,1,1
TZA000365694578,0,1,0,0,1,0,0,15,11,1,1
TZA000365694594,0,0,0,0,0,0,0,15,10,1,1
TZA000365694464,0,0,0,0,0,1,1,15,10,1,1
TZA000365694602,1,0,0,0,0,0,0,15,10,1,1
TZA000365694590,0,0,0,0,0,0,1,15,10,1,1
TZA000404002675,0,0,0,0,0,0,1,15,10,1,1
TZA000365694668,1,0,0,0,1,0,0,15,10,1,1
TZA000365694591,0,0,0,1,0,0,0,15,10,1,1
TZA000365694605,1,0,0,0,0,0,0,15,10,1,1
TZA000365694555,0,0,0,1,0,0,0,15,10,1,1
TZA000365694458,0,0,0,0,0,0,0,15,10,1,1
TZA000365694429,0,0,0,0,0,0,0,15,10,1,1
TZA000365694453,0,1,0,0,0,0,0,15,10,1,1
TZA000365694671,0,0,0,0,1,0,1,15,10,1,1
TZA000404002658,1,0,0,0,0,1,1,15,10,2,1
TZA000404001183,0,0,0,0,0,0,0,15,10,1,1
TZA000404001158,1,0,0,0,0,0,0,15,10,1,1
TZA000404001160,0,0,0,0,0,0,1,15,10,1,1
TZA000404001157,0,0,0,0,0,0,1,15,10,1,1
TZA000365694691,0,0,0,0,1,0,0,15,11,1,1
TZA000404001161,0,0,0,0,1,0,0,15,10,1,1
TZA000365694690,0,0,0,0,1,0,0,15,11,1,1
TZA000365694626,1,0,0,0,1,1,1,15,11,1,1
TZA000404001184,0,0,0,0,0,0,1,15,10,1,1
TZA000404001177,0,0,0,0,0,0,0,15,10,1,1
TZA000365694689,1,0,0,0,0,0,0,15,10,1,1
TZA000404001155,0,0,0,0,0,0,0,15,10,1,1
TZA000365694679,0,0,0,0,0,0,0,15,11,1,1
TZA000404001156,0,0,0,0,1,0,0,15,10,1,1
TZA000404002659,1,0,0,0,0,1,1,15,10,1,1
TZA000365694678,0,0,0,0,0,0,0,15,11,1,1
TZA000365694521,0,0,0,0,0,0,1,15,11,1,1
TZA000365694704,0,0,0,0,1,0,0,15,10,1,1
TZA000365694703,0,0,0,0,1,0,0,15,10,1,1
TZA000404000051,0,0,0,0,1,0,1,15,10,1,2
TZA000365694702,0,0,0,0,1,0,0,15,10,1,1
TZA000365694707,0,0,0,0,1,0,0,15,10,1,1
TZA000365694874,0,0,0,0,1,0,0,15,10,1,1
TZA000365694708,0,0,0,0,1,0,0,15,10,1,1
TZA000365694706,0,0,1,0,0,0,0,15,10,1,1
TZA000404000005,0,0,1,0,0,0,0,15,10,1,1
TZA000404000017,0,0,0,0,0,0,1,15,10,1,1
TZA000365694701,0,0,0,1,1,0,0,15,10,1,1
TZA000404000018,0,0,0,0,0,0,0,15,10,1,1
TZA000365695012,0,0,1,0,1,0,1,15,10,1,1
TZA000365695006,0,0,0,0,0,0,0,15,10,1,1
TZA000365694913,0,0,0,0,0,0,1,15,10,1,1
TZA000365964980,0,0,1,0,0,0,0,15,10,1,1
TZA000365694979,0,0,0,0,1,0,1,15,10,1,1
TZA000365694911,0,0,1,0,0,0,0,15,10,1,1
TZA000365694944,0,0,0,0,1,0,0,15,10,1,1
TZA000365695004,0,0,0,0,1,0,1,15,10,1,1
TZA000365694981,0,0,0,0,0,0,0,15,10,1,1
TZA000365694957,0,0,0,0,1,0,0,15,10,1,1
TZA000365694921,0,0,0,0,1,0,0,15,10,1,1
TZA000365694933,0,0,0,0,0,0,0,15,10,1,1
TZA000365694934,0,0,0,0,0,0,0,15,10,1,1
TZA000404002925,0,0,0,0,0,0,0,15,9,1,1
TZA000404002942,0,0,0,0,1,0,0,15,9,1,1
TZA000404002907,0,0,0,0,0,0,1,15,9,1,1
TZA000404002905,0,0,0,0,0,0,0,15,9,1,1
TZA000404002928,0,0,0,0,0,0,0,15,9,1,1
TZA000404002909,0,0,0,0,0,0,0,15,9,1,1
TZA000404002943,0,0,0,0,0,0,0,15,9,1,1
TZA000404003326,0,0,0,0,1,0,0,15,9,1,1
TZA000404002931,0,0,0,0,0,0,0,15,9,1,1
TZA000404002982,0,0,0,0,1,0,0,15,9,1,1
TZA000404002994,0,0,0,0,1,0,0,15,9,1,1
TZA000404003125,0,0,0,0,0,0,1,15,9,1,1
TZA000404002963,0,0,0,0,1,0,1,15,9,1,1
TZA000404002965,0,0,0,0,0,0,1,15,9,1,1
TZA000365694964,0,0,0,0,1,0,0,15,10,1,1
TZA000365694822,0,0,0,0,0,0,0,15,11,1,1
TZA000365694866,0,0,0,0,1,0,1,15,11,1,1
TZA000365694857,0,0,0,0,0,0,0,15,11,1,1
TZA000365694803,0,0,0,0,0,0,0,15,11,1,1
TZA000365694784,0,0,0,0,1,0,1,15,10,1,1
TZA000365690008,0,0,0,0,1,0,0,15,10,1,1
TZA000365694782,0,0,0,0,1,0,1,15,10,1,1
TZA000365694766,0,0,0,0,0,0,0,15,11,1,1
TZA000365694787,0,0,0,0,0,0,0,15,11,1,1
TZA000365694753,0,0,0,0,1,0,0,15,11,1,1
TZA000365690003,0,0,0,0,0,0,1,15,10,1,1
TZA000365694786,1,0,0,0,0,0,0,15,11,1,1
TZA000365694780,0,0,0,0,0,0,1,15,11,1,1
TZA000365694762,0,0,0,0,1,0,0,15,10,1,1
TZA000365694794,0,0,0,0,1,0,0,15,11,1,1
TZA000365694767,1,0,0,0,0,0,0,15,11,1,1
TZA000365694776,0,0,0,0,0,0,0,15,11,1,1
TZA000365694778,0,0,0,0,0,0,0,15,11,1,1
TZA000365694860,0,0,0,0,1,0,0,15,11,1,1
TZA000365694863,0,0,0,0,1,0,1,15,11,1,1
TZA000365694865,0,0,0,0,0,0,0,15,11,1,1
TZA000365694861,0,0,0,0,1,0,1,15,11,1,1
TZA000404000347,0,0,0,0,1,0,0,15,9,1,1
TZA000404000343,0,0,0,0,0,0,0,15,9,1,1
TZA000404000344,0,0,0,0,1,0,1,15,9,1,1
TZA000404000338,0,0,0,0,0,0,1,15,9,1,1
TZA000404000329,0,0,0,0,1,0,0,15,9,1,1
TZA000404000328,0,0,0,0,0,0,0,15,9,1,1
TZA000404000335,0,0,0,0,0,0,0,15,9,1,1
TZA000404000339,0,0,0,0,0,0,1,15,9,1,1
TZA000404002464,0,0,0,0,1,0,0,15,9,1,1
TZA000404002453,0,0,0,0,0,0,0,15,9,1,1
TZA000404002440,0,0,0,0,1,0,1,15,9,1,1
TZA000404000310,0,0,0,0,1,0,0,15,9,1,1
TZA000404002461,0,0,0,0,1,0,1,15,9,1,1
TZA000404002447,0,0,0,0,1,0,0,15,9,1,1
TZA000404002663,1,1,0,0,0,0,0,15,11,1,1
TZA000404000196,0,0,0,0,0,0,0,15,9,1,1
TZA000404000201,0,0,0,0,1,0,1,15,9,1,1
TZA000404000219,0,0,0,0,0,0,0,15,9,1,1
TZA000404000206,0,0,0,0,0,0,0,15,9,1,1
TZA000404000194,0,0,0,0,0,0,0,15,9,1,1
TZA000404000221,0,0,0,0,0,0,0,15,9,1,1
TZA000404000202,0,0,0,0,0,0,0,15,9,1,1
TZA000404000249,0,1,0,0,1,0,0,15,9,1,1
TZA000404000217,0,0,0,0,0,0,0,15,9,1,1
TZA000404000213,0,0,0,0,0,0,0,15,9,1,1
TZA000404000256,0,1,0,0,0,0,0,15,9,1,1
TZA000404000243,0,0,0,0,0,0,1,15,9,1,1
TZA000404000245,0,0,0,0,0,0,1,15,9,1,1
TZA000404000214,0,0,0,0,1,0,0,15,9,1,1
TZA000404000251,0,0,0,0,1,0,0,15,9,1,1
TZA000404001274,1,0,0,0,0,0,0,15,11,1,1
TZA000404001379,0,0,0,0,0,0,0,15,11,1,1
TZA000404001344,0,0,0,0,0,0,0,15,11,1,1
TZA000404001252,0,0,0,0,0,0,0,15,11,1,1
TZA000404001378,0,1,0,0,0,0,0,15,11,1,1
TZA000404001332,0,0,0,0,0,1,1,15,11,1,1
TZA000404001326,0,0,0,0,1,0,0,15,11,1,1
TZA000404001278,0,0,0,0,0,0,0,15,11,1,1
TZA000404001250,0,0,0,0,0,0,1,15,11,1,1
TZA000365694489,0,0,0,1,0,0,0,15,10,1,1
TZA000365694462,0,0,0,0,0,0,0,15,10,1,1
TZA000365694467,0,0,0,0,0,0,0,15,10,1,1
TZA000365694478,0,0,0,0,0,0,0,15,10,1,1
TZA000365694541,0,0,0,1,0,0,0,15,10,1,1
TZA000365694475,0,0,0,0,0,0,1,15,10,1,1
TZA000365694488,0,0,0,0,0,0,0,15,10,1,1
TZA000365694511,1,0,0,1,0,0,1,15,10,1,1
TZA000365694477,0,0,0,0,0,0,0,15,10,1,1
TZA000365694509,1,0,0,0,0,0,0,15,10,1,1
TZA000365694479,0,0,0,0,0,0,0,15,10,1,1
TZA000404001316,1,0,0,0,1,0,0,15,11,1,1
TZA000404001463,0,0,0,0,0,0,1,15,11,1,1
TZA000404001315,0,0,0,1,0,0,0,15,11,1,1
TZA000404001454,0,0,0,0,0,0,1,15,11,1,1
TZA000404001445,1,0,0,0,1,0,0,15,11,1,1
TZA000404001442,0,0,0,0,0,0,0,15,11,1,1
TZA000404002566,0,0,0,0,0,0,0,15,11,1,1
TZA000404002616,0,0,0,0,0,0,0,15,11,1,1
TZA000404001710,0,0,0,0,0,0,1,15,11,1,1
TZA000404001432,0,0,0,0,0,0,1,15,11,1,1
TZA000404002565,0,0,0,0,0,0,0,15,11,1,1
TZA000404002562,0,0,0,0,0,0,0,15,11,1,1
TZA000404002612,0,0,0,0,0,0,0,15,11,1,1
TZA000404001400,0,0,1,0,0,0,0,15,11,1,1
TZA000404002608,0,0,0,0,0,0,1,15,11,1,1
TZA000404002564,0,0,0,0,0,0,0,15,11,1,1
TZA000404001728,0,0,0,0,0,0,0,15,11,1,1
TZA000404001727,0,0,0,0,0,0,0,15,11,1,1
TZA000404002567,0,0,0,0,1,0,0,15,11,1,1
TZA000404002595,0,0,0,0,0,0,1,15,11,1,1
TZA000404001293,1,0,0,0,0,0,0,15,11,1,1
TZA000404001208,0,0,0,0,0,0,0,15,11,1,1
TZA000404002579,0,0,0,0,0,0,1,15,11,1,1
TZA000404001680,0,0,1,0,1,0,0,15,11,1,1
TZA000404002610,0,0,0,0,0,0,0,15,11,1,1
TZA000404002580,0,0,0,0,0,1,0,15,11,1,1
TZA000404001193,0,0,0,0,0,1,1,15,11,2,1
TZA000404001292,1,0,0,0,0,0,0,15,11,1,1
TZA000404001721,0,0,0,0,0,0,0,15,11,1,1
TZA000404001209,0,0,0,0,0,1,0,15,11,1,1
TZA000404001204,0,0,1,0,0,0,0,15,11,1,1
TZA000404001703,0,0,0,0,0,0,0,15,11,1,1
TZA000404001194,0,0,0,0,0,0,0,15,11,1,1
TZA000404002600,0,0,0,0,0,0,0,15,11,1,1
TZA000404003143,0,0,0,0,0,0,1,15,9,1,1
TZA000404003139,0,0,0,0,0,0,1,15,9,1,1
TZA000404002968,0,0,0,0,1,0,0,15,9,1,1
TZA000404002970,0,0,0,0,0,0,1,15,9,1,1
TZA000404003135,0,0,0,0,1,0,0,15,9,1,1
TZA000404002972,0,0,0,0,0,0,1,15,9,1,1
TZA000404003123,0,0,0,0,1,0,0,15,9,1,1
TZA000404003124,0,0,0,0,0,0,0,15,9,1,1
TZA000404003001,0,0,0,0,0,0,0,15,9,1,1
TZA000404002957,0,0,0,0,0,0,1,15,9,1,1
TZA000404002960,0,0,0,0,0,0,1,15,9,1,1
TZA000404001219,0,0,0,0,0,0,1,15,9,1,1
TZA000404001408,0,0,0,0,0,0,0,15,9,1,1
TZA000404001405,0,0,0,0,1,0,0,15,9,1,1
TZA000404001231,0,0,0,0,0,0,1,15,9,1,1
TZA000404001232,0,0,0,0,0,0,0,15,9,1,1
TZA000404001240,0,0,0,0,0,0,0,15,9,1,1
TZA000404001348,0,0,0,0,0,0,0,15,9,1,1
TZA000404001358,0,0,0,0,1,0,0,15,9,1,1
TZA000404001364,0,0,0,0,1,0,0,15,9,1,1
TZA000404001218,0,0,0,0,1,0,0,15,9,1,1
TZA000404001346,0,0,0,1,0,0,0,15,9,1,1
TZA000365695781,0,0,0,0,0,0,0,20,9,1,1
TZA000365695864,0,0,0,0,0,0,0,20,9,1,1
TZA000365695872,0,0,0,0,0,0,0,20,9,1,1
TZA000365695919,0,0,0,0,0,0,1,20,9,1,1
TZA000365695890,NA,0,0,0,0,0,0,20,10,1,1
TZA000403258929,0,0,0,0,0,0,0,20,10,1,1
TZA665539458844,0,0,0,0,0,0,0,20,9,1,1
TZA000403255720,0,0,0,0,0,0,1,20,9,1,1
TZA000403254294,0,0,0,0,0,0,0,20,9,1,1
TZA000365696198,0,0,0,0,0,0,0,20,9,1,1
TZA000365696213,0,0,0,0,0,0,0,20,9,1,1
TZA000365696203,0,0,0,0,0,1,0,20,9,1,1
TZA000365696186,0,0,0,0,0,0,1,20,9,1,1
TZA668894398895,0,0,0,0,0,0,0,20,9,1,1
TZA000403254283,0,0,0,0,0,0,0,20,9,1,1
TZA665539078898,0,0,0,0,0,0,0,20,9,1,1
TZA665539488847,0,0,0,0,0,0,0,20,9,1,1
TZA000403254281,0,0,0,0,0,0,0,20,9,1,1
TZA665539328831,0,0,0,0,0,0,0,20,9,1,2
TZA000365695170,0,0,0,0,0,0,0,20,9,1,1
TZA000365695892,0,0,0,0,0,0,0,20,10,1,1
TZA000365695978,0,0,0,0,0,0,0,20,10,1,1
TZA000365695990,0,0,0,0,0,0,0,20,10,1,1
TZA000365696082,0,0,0,0,0,0,0,20,10,1,1
TZA000365695891,0,0,0,0,0,0,0,20,10,1,1
TZA000365695902,0,0,0,0,0,0,0,20,10,1,1
TZA000365695974,0,0,0,0,0,0,0,20,10,1,1
TZA000365696044,0,1,0,0,0,0,0,20,10,1,1
TZA000365696050,0,1,0,0,0,0,0,20,10,1,1
TZA000365696135,0,0,0,0,0,0,0,20,10,1,1
TZA000365696068,0,0,0,0,0,0,1,20,10,1,1
TZA000365696126,0,0,0,0,0,0,0,20,10,1,1
TZA000365696092,0,0,0,0,1,0,0,20,10,1,1
TZA000365696070,0,0,0,0,0,0,0,20,10,1,1
TZA000365696093,0,0,0,0,0,0,1,20,10,1,1
TZA000365695883,0,0,0,0,0,0,0,20,10,1,1
TZA000365696128,0,0,0,0,0,0,0,20,10,1,1
TZA000403255724,0,0,0,0,0,0,0,20,9,1,1
TZA000365695767,0,0,0,0,1,0,0,20,10,1,1
TZA000365695043,0,0,0,0,0,0,1,20,10,1,1
TZA000365695047,0,0,0,0,0,0,0,20,10,1,1
TZA000365695659,0,0,0,0,0,0,1,20,10,1,1
TZA000365695041,0,0,0,0,0,0,0,20,10,1,1
TZA000365695741,0,1,0,0,0,0,0,20,10,1,1
TZA000365695746,0,0,0,0,0,0,0,20,10,1,1
TZA000192812261,0,0,0,0,0,0,0,22,10,1,1
TZA000192812662,0,0,0,0,0,0,0,22,9,1,2
TZA000192812145,0,0,1,0,0,0,1,22,10,1,1
TZA000192813190,0,0,0,0,0,0,0,22,10,1,1
TZA000192812144,0,0,0,0,0,0,0,22,10,1,1
TZA000192812273,0,0,0,0,0,0,0,22,10,1,1
TZA000192813141,0,0,0,0,0,0,0,22,10,1,1
TZA000192813196,0,0,0,0,0,0,1,22,10,1,1
TZA000192813197,0,0,0,0,1,0,0,22,10,1,1
TZA000192812091,0,0,0,0,0,0,0,22,10,1,1
TZA000192812192,1,0,0,0,0,0,0,22,10,1,1
TZA000192813152,0,1,0,0,1,1,1,22,10,1,1
TZA000192812272,0,0,0,0,0,0,0,22,10,1,1
TZA000192812976,0,0,0,0,0,0,0,22,9,1,1
TZA000192812737,0,1,0,0,1,0,1,22,11,1,3
TZA000192812794,1,0,0,0,0,0,1,22,9,1,1
TZA000192812882,0,0,0,0,0,0,0,22,9,1,1
TZA000192812773,1,0,0,0,0,0,0,22,9,1,1
TZA000192812971,0,0,0,0,0,0,0,22,9,1,1
TZA000192812748,0,0,0,0,1,0,0,22,9,1,1
TZA000192812751,0,0,0,0,0,0,1,22,9,1,1
TZA000192812969,0,0,0,0,0,0,0,22,9,1,1
TZA000192812902,0,0,0,0,0,0,0,22,9,1,1
TZA000192812901,1,0,0,0,0,1,0,22,9,1,1
TZA000192812427,0,1,0,0,1,0,0,22,9,1,1
TZA000192812870,0,0,0,0,1,0,0,22,11,1,1
TZA000192812873,0,0,0,0,1,0,0,22,11,1,1
TZA000192812786,1,0,0,0,0,0,0,22,10,1,1
TZA000192812785,0,0,0,0,0,0,0,22,10,1,1
TZA000192812704,0,0,0,0,0,0,1,22,9,1,1
TZA000192812970,1,0,0,0,0,0,0,22,9,1,1
TZA000192812736,0,0,0,0,1,0,0,22,10,1,1
TZA000192812924,0,0,0,0,0,0,1,22,11,1,1
TZA000192812978,0,0,0,0,0,0,0,22,9,1,1
TZA000192812732,0,0,0,0,0,0,0,22,11,1,1
TZA000192812787,0,0,0,0,0,0,0,22,10,1,1
TZA000193812772,0,0,0,0,0,0,0,22,9,1,1
TZA000192812693,0,0,0,0,1,0,0,22,10,1,1
TZA000192812706,0,0,0,0,0,0,0,22,10,1,1
TZA000192813021,0,0,0,0,0,0,0,22,11,1,2
TZA000192813265,1,0,0,0,1,0,0,22,9,1,1
TZA000192812422,1,0,0,0,0,0,1,22,10,1,1
TZA000192812420,1,0,0,0,1,0,1,22,10,1,1
TZA000192812454,1,0,0,0,1,0,1,22,9,1,1
TZA000192812369,0,0,0,0,0,0,1,22,9,1,1
TZA000192812371,0,0,0,0,0,0,0,22,9,1,1
TZA000192812838,0,0,0,0,0,0,1,22,9,1,1
TZA000192813164,0,0,0,0,0,0,1,22,9,1,1
TZA000192813264,1,0,0,0,1,0,0,22,9,1,1
TZA000192813040,0,0,0,0,0,0,1,22,11,1,1
TZA000192813268,0,0,0,0,1,0,1,22,11,1,1
TZA000192812453,1,0,0,0,0,0,0,22,11,1,1
TZA000192812332,1,0,0,0,0,0,0,22,9,1,1
TZA000192813041,0,0,0,0,0,0,0,22,11,1,1
TZA000192812370,1,0,0,0,1,0,1,22,9,1,1
TZA000192813165,0,0,0,0,0,0,0,22,9,1,1
TZA000192812501,0,0,0,0,0,0,0,22,9,1,2
TZA000192812419,0,0,0,0,1,0,1,22,9,1,1
TZA000192813100,0,1,1,0,1,0,1,22,10,1,1
TZA000192813037,0,0,0,0,1,0,0,22,10,1,1
TZA000192812416,0,0,0,0,1,0,0,22,10,1,1
TZA000192812208,0,0,0,0,1,0,0,22,10,1,1
TZA000192812161,0,0,0,0,1,0,0,22,10,1,1
TZA000192812428,0,0,0,0,1,0,0,22,10,1,1
TZA000192812417,0,0,0,0,1,0,0,22,10,1,1
TZA000192813217,0,0,0,0,1,0,1,22,9,1,2
TZA000192813093,0,1,0,0,1,0,0,22,10,1,1
TZA000192812353,0,0,0,0,1,0,0,22,10,1,1
TZA000403256297,0,0,0,0,1,0,0,22,10,1,1
TZA000192812090,0,0,1,0,0,0,0,22,10,1,1
TZA000192812173,0,0,0,0,0,0,0,22,10,1,1
TZA000192813108,0,0,0,0,0,0,0,22,10,1,1
TZA000192813272,0,0,0,0,1,0,1,22,9,1,1
TZA000192813157,0,0,0,0,0,0,0,22,9,1,1
TZA000192813074,0,0,0,0,1,1,0,22,9,1,1
TZA000192813073,0,0,0,0,0,0,0,22,9,1,1
TZA000192813128,0,0,0,0,1,0,1,22,10,1,1
TZA000192813120,0,0,0,0,1,0,0,22,9,1,2
TZA000192813162,0,0,1,0,1,0,0,22,10,1,1
TZA000192812130,0,0,0,0,1,0,0,22,10,1,1
TZA000192813233,0,0,0,0,0,0,0,22,9,1,1
TZA000192813096,0,0,0,0,1,0,0,22,10,1,1
TZA000192813072,1,0,0,0,0,0,1,22,9,1,1
TZA000192813216,0,0,0,0,1,0,1,22,9,1,2
TZA000192812184,0,0,0,0,1,0,0,22,10,1,1
TZA000192813102,0,1,0,0,1,0,0,22,10,1,1
TZA000192813229,0,0,0,0,0,0,0,22,10,1,1
TZA000192813232,1,0,0,0,0,0,0,22,9,1,1
TZA000192813156,0,0,0,0,1,0,1,22,9,1,1
TZA000192813117,0,0,0,0,1,0,0,22,9,1,2
TZA000192813092,0,0,0,0,1,1,1,22,10,1,1
TZA000192813237,0,0,0,0,1,0,1,22,10,1,1
TZA000192813236,0,0,0,0,1,1,1,22,10,1,1
TZA000192812154,0,0,0,0,1,0,0,22,9,1,1
TZA000192813246,0,0,0,0,1,0,0,22,9,1,1
TZA000192812374,0,0,0,0,1,0,1,22,9,1,1
TZA000192813178,0,0,0,0,0,0,1,22,9,1,1
TZA000404005842,0,0,0,0,0,0,1,11,9,1,1
TZA000404005825,0,0,0,0,0,0,0,11,9,1,1
TZA000404005845,0,0,0,0,0,0,0,11,9,1,1
TZA000404006009,0,0,0,0,0,0,0,11,9,1,1
TZA000404005985,0,0,0,0,0,0,0,11,9,1,1
TZA000404006051,0,0,0,0,0,1,0,11,9,1,2
TZA000404006049,0,0,0,0,0,1,0,11,9,1,2
TZA000404005991,0,0,0,0,0,0,0,11,9,1,2
TZA000404006164,0,0,0,0,0,0,0,11,9,1,2
TZA000404006097,0,0,0,0,0,0,1,11,9,1,2
TZA000404006081,0,0,0,0,0,0,0,11,9,1,1
TZA000404006083,0,0,0,0,0,0,1,11,9,1,1
TZA000404007828,0,0,0,0,0,0,1,11,9,1,1
TZA000404005856,1,0,0,0,0,0,1,11,9,1,1
TZA000404007829,0,0,0,0,0,1,1,11,9,1,1
TZA000404007593,0,0,0,0,0,0,0,11,9,1,2
TZA000404007613,0,1,0,0,0,0,1,11,9,1,2
TZA000404007512,0,0,0,0,0,0,1,11,9,1,1
TZA000404007509,0,0,0,0,0,0,0,11,9,1,2
TZA000404007496,0,0,0,0,1,0,0,11,9,1,1
TZA000404007495,0,0,0,0,1,1,0,11,9,1,1
TZA000404008049,0,0,0,0,0,0,0,11,9,1,2
TZA000404008052,0,0,0,0,0,0,1,11,9,1,1
TZA000404007856,0,0,0,0,0,0,1,11,9,1,1
TZA000404007520,0,0,0,0,0,0,0,11,9,1,1
TZA000404005816,0,1,0,0,0,0,0,11,9,1,1
TZA000404007855,0,0,0,0,0,0,0,11,9,1,1
TZA000404008349,0,0,0,0,0,0,0,12,9,1,2
TZA000404008336,0,0,0,0,0,0,0,12,9,1,1
TZA000404008347,0,0,0,0,0,0,0,12,9,1,2
TZA000404008078,0,0,0,0,1,0,1,12,9,1,1
TZA000404008186,0,0,0,0,1,0,0,12,9,1,1
TZA000404008165,0,0,0,0,0,0,1,12,9,1,1
TZA000404009451,0,0,0,0,0,0,0,12,9,1,1
TZA000404009452,0,0,0,0,1,0,1,12,9,1,1
TZA000404008189,0,0,0,0,0,0,0,12,9,1,1
TZA000404008173,0,0,0,0,0,0,0,12,9,1,1
TZA000404008098,0,0,NA,0,1,1,0,12,9,1,1
TZA000404008093,0,0,0,0,0,0,0,12,9,1,1
TZA000404008365,0,0,0,0,0,0,0,12,9,1,1
TZA000404009253,0,0,0,0,1,0,0,12,9,1,2
TZA000404009251,0,0,0,0,1,0,0,12,9,1,2
TZA000404009412,0,0,0,0,0,0,1,12,9,2,1
TZA000404009409,0,0,0,0,0,0,0,12,9,1,1
TZA000404008279,0,0,0,0,0,0,0,12,9,1,1
TZA000404008405,0,0,0,0,0,0,1,12,9,1,2
TZA000404008407,0,0,0,0,0,0,0,12,9,1,2
TZA000404009316,0,0,0,0,0,1,0,12,9,1,1
TZA000404009345,0,0,0,0,0,0,0,12,9,1,1
TZA000404009305,0,0,0,0,0,0,0,12,9,1,2
TZA000404009368,0,0,0,0,0,0,0,12,9,1,3
TZA000404009386,0,0,0,0,0,0,0,12,9,1,1
TZA000404009250,0,0,0,0,1,0,0,12,9,1,2
TZA000404009267,0,0,0,0,0,0,0,12,9,1,2
TZA000404015172,0,0,0,0,0,0,0,13,9,1,2
TZA000404015298,0,0,0,0,0,0,0,13,9,1,1
TZA000404015171,0,0,0,0,0,0,0,13,9,1,2
TZA000404015402,0,0,0,0,0,0,0,13,9,1,1
TZA000404015549,0,0,0,0,0,1,1,13,9,1,1
TZA000404015336,0,0,0,0,0,0,0,13,9,1,1
TZA000404015333,0,0,0,0,0,0,0,13,9,1,1
TZA000404015550,0,0,0,0,0,0,1,13,9,1,1
TZA000404015371,0,0,0,0,0,0,1,13,9,1,1
TZA000404015335,0,0,0,0,0,0,0,13,9,1,1
TZA000404015369,0,0,0,0,0,0,1,13,9,1,1
TZA000404015337,0,0,0,0,0,0,0,13,9,1,1
TZA000404015396,0,0,0,0,0,0,0,13,9,1,1
TZA000404015397,0,0,0,0,0,0,0,13,9,1,1
TZA000404015398,0,0,0,0,0,0,0,13,9,1,1
TZA000404015403,0,0,0,0,0,0,0,13,9,1,1
TZA000404015405,0,0,0,0,0,0,0,13,9,1,1
TZA000404015404,0,0,0,0,0,0,0,13,9,1,1
TZA000404015408,0,0,0,0,0,0,0,13,9,1,1
TZA000404015281,0,0,0,0,0,0,0,13,9,1,3
TZA000404015222,0,0,0,0,0,0,0,13,9,1,3
TZA000404015210,0,0,0,0,0,0,0,13,9,1,1
TZA000404015215,0,0,0,0,0,0,1,13,9,1,1
TZA000404015268,0,0,0,0,0,0,0,13,9,1,1
TZA000404015296,0,0,0,0,0,0,0,13,9,1,1
TZA000404015260,0,0,0,0,0,0,0,13,9,1,1
TZA000404015407,0,1,0,0,0,0,0,13,9,1,1
TZA000404015078,0,0,0,0,0,0,0,13,9,1,1
TZA000404015125,0,1,0,0,0,0,0,13,9,1,1
TZA000404015119,0,0,0,0,0,0,0,13,9,1,1
TZA000404015085,1,0,0,0,0,0,0,13,9,1,1
TZA000404015116,0,0,0,0,0,0,1,13,9,1,1
TZA000404015090,0,0,0,0,0,0,0,13,9,1,1
TZA000404015093,0,0,0,0,0,0,0,13,9,1,1
TZA000404014796,0,0,0,0,0,0,0,13,9,1,1
TZA000404015102,0,0,0,0,0,0,0,13,9,1,1
TZA000404015110,0,0,0,0,0,0,0,13,9,1,1
TZA000404015163,0,0,0,0,0,0,0,13,9,1,1
TZA000404015164,0,0,0,0,0,0,0,13,9,1,1
TZA000404015421,0,0,0,0,0,0,0,13,9,1,1
TZA000404015368,0,0,0,0,0,0,0,13,9,1,1
TZA000404015503,0,0,0,0,0,0,0,13,9,1,2
TZA000404015501,0,0,0,0,0,0,0,13,9,1,2
TZA000404015504,0,0,0,0,0,0,0,13,9,1,2
TZA000404015473,1,0,0,0,0,0,0,13,9,1,1
TZA000404015461,0,0,0,0,0,0,1,13,9,1,1
TZN000404014789,0,0,0,0,0,0,1,13,7,2,1
TZA000404015441,0,0,0,0,1,0,1,13,9,1,1
TZA000404015077,0,0,0,0,0,0,1,13,9,1,1
TZA000404015160,0,0,0,0,0,0,0,13,9,1,1
TZA000404015114,0,0,0,0,0,0,0,13,9,1,1
TZA000404015036,0,0,0,0,0,0,0,13,9,1,1
TZA000404014984,0,0,0,0,1,0,0,13,9,1,1
TZA000404014978,0,0,0,0,0,0,0,13,9,1,1
TZA000404015020,0,0,0,0,1,1,0,13,9,1,1
TZA000404015009,0,0,0,0,0,0,0,13,9,2,2
TZA000404014977,0,0,0,0,0,0,0,13,9,1,1
TZA000404015021,0,0,0,0,0,0,0,13,9,1,1
TZA000404015008,0,0,0,0,0,0,0,13,9,1,2
TZA000404015019,0,0,0,0,0,0,0,13,9,1,1
TZA000404015016,0,0,0,0,0,0,0,13,9,1,1
TZA000404015074,0,0,0,0,0,0,0,13,9,1,1
TZA000404015080,0,0,0,0,0,0,0,13,9,1,1
TZA000404015161,0,1,0,0,0,0,0,13,9,1,1
TZA000404015092,0,0,0,0,0,0,0,13,9,1,1
TZA000404015152,0,0,0,0,0,0,0,13,9,1,1
TZA000404011502,0,0,0,0,0,0,0,21,10,1,1
TZA000404011516,0,0,0,0,0,0,0,21,10,1,1
TZA000403751036,1,0,0,0,0,0,0,21,10,1,2
TZA000000000006,0,0,0,0,0,0,0,21,10,1,2
TZA000404010479,0,0,0,0,0,0,1,21,10,1,1
TZA000404010850,0,0,0,0,0,0,0,21,10,1,1
TZA000404010674,0,0,0,0,0,0,0,21,10,1,1
TZA000404010880,0,0,0,0,1,0,0,21,10,1,3
TZA000404010496,0,0,0,0,0,0,1,21,10,1,1
TZA000404011293,0,0,0,0,0,0,0,21,10,1,2
TZA000404010884,0,0,0,0,0,0,0,21,10,1,1
TZA000404010912,0,0,0,0,0,0,0,21,10,1,1
TZA000404010876,0,0,0,0,0,0,0,21,10,1,1
TZA000404010894,0,0,0,0,0,0,0,21,10,1,1
TZA000404010874,0,0,0,0,0,0,0,21,10,1,1
TZA000404013202,0,0,0,0,0,0,0,21,10,1,1
TZA000404013191,0,0,0,0,0,0,1,21,10,1,1
TZA000404012837,0,0,0,0,0,0,1,21,10,1,1
TZA000404012982,0,0,0,0,0,0,0,21,10,1,2
TZA000404012980,0,0,0,0,0,0,0,21,10,1,2
TZA000404012797,0,0,0,0,0,0,0,21,10,1,1
TZA000404012981,0,0,0,0,0,0,0,21,10,1,2
TZA000404012929,0,1,0,0,0,0,0,21,10,1,1
TZA000404013092,0,0,0,0,0,0,0,21,10,1,1
TZA000404010604,0,0,0,0,0,0,0,21,10,1,1
TZA000404011397,0,0,0,0,0,0,0,21,10,1,1
TZA000404010435,0,0,0,0,0,0,0,21,10,1,1
TZA000404010453,0,0,0,0,0,0,0,21,10,1,1
TZA000404013106,0,0,0,0,0,0,0,21,10,1,1
TZA000404011281,0,0,0,0,0,0,0,21,10,1,1
TZA000404011296,0,0,0,0,0,0,0,21,10,1,1
TZA000404010806,0,1,0,0,0,0,1,21,10,1,1
TZA000404010804,0,0,0,0,0,1,0,21,10,1,1
TZA000404010407,0,0,0,0,0,0,0,21,10,1,1
TZA000404010408,0,0,0,0,0,0,0,21,10,1,1
TZA000404010685,0,0,0,0,0,0,0,21,10,1,1
TZA000404010555,0,0,0,0,0,0,0,21,10,1,1
TZA000404013032,0,0,0,0,0,0,0,21,10,1,1
TZA000404013033,0,0,0,0,0,0,0,21,10,1,1
TZA000404010841,1,0,0,0,0,0,0,21,10,1,1
TZA000404013101,0,1,0,0,0,0,0,21,10,1,1
TZA000000000005,1,0,0,0,0,0,0,21,10,1,2
TZA000404012819,0,0,0,0,0,0,1,21,10,1,1
TZA000404012820,0,0,0,0,0,0,0,21,10,1,1
TZA000404013214,0,0,0,0,0,0,0,21,10,1,1
TZA000404013215,0,0,0,0,0,0,0,21,10,1,1
TZA000404013139,0,0,0,0,0,0,0,21,10,1,1
TZA000404013140,0,0,0,0,0,0,0,21,10,1,1
TZA000404013134,0,0,0,0,0,0,0,21,10,1,1
TZA000404013135,0,0,0,0,0,0,0,21,10,1,1
TZA000404013190,0,0,0,0,0,0,0,21,10,1,1
TZA000404011421,0,0,0,0,0,0,0,21,10,1,1
TZA000404011307,0,0,0,0,0,0,0,21,10,1,1
TZA000404011215,0,0,0,0,0,0,0,21,10,1,1
TZA000404011251,0,0,0,0,0,0,0,21,10,1,1
TZA000404011221,0,0,0,0,0,0,1,21,10,1,1
TZA000404011224,0,0,0,0,0,0,0,21,10,1,1
TZA000404011322,0,0,0,0,0,0,0,21,10,1,1
TZA000404011207,0,1,0,0,0,0,0,21,10,1,1
TZA000404011331,0,0,0,0,0,0,1,21,10,1,1
TZA000404011321,0,0,0,0,0,0,0,21,10,1,1
TZA000404013220,0,0,0,0,0,0,0,21,10,1,1
TZA000404013218,0,0,0,0,0,0,0,21,10,1,1
TZA000404013246,0,0,0,0,0,0,0,21,10,1,2
TZA000404012975,0,0,0,0,0,0,0,21,10,1,1
TZA000404012948,0,0,0,0,0,0,0,21,10,1,1
TZA000404012716,0,0,0,0,0,0,0,21,10,1,1
TZA000404012739,0,0,0,0,0,0,1,21,10,1,3
TZA000404012737,0,0,0,0,0,0,0,21,10,1,3
TZA000404012873,0,0,0,0,0,0,1,21,10,1,1
TZA000404012821,0,0,0,0,0,0,0,21,10,1,1
TZA000404012828,0,0,0,0,0,0,0,21,10,1,1
TZA000404013185,0,0,0,0,0,0,0,21,10,1,1
TZA000404013121,0,1,0,0,0,0,0,21,10,1,1
TZA000404012962,0,0,0,0,0,0,0,21,10,1,1
TZA000404012971,0,0,0,0,0,0,0,21,10,1,1
TZA000404012712,0,0,0,0,0,0,0,21,10,1,1
TZA000404012807,0,0,0,0,0,0,0,21,10,1,1
TZA000404012957,0,0,0,0,0,0,0,21,10,1,1
TZA000404013188,0,0,0,0,0,0,0,21,10,1,1
TZA000404013145,0,0,0,0,0,0,0,21,10,1,1
TZA000404013147,0,0,0,0,0,0,0,21,10,1,1
TZA000404011407,0,1,0,0,0,0,0,21,10,1,1
TZA000404012700,0,0,0,0,0,0,0,21,10,1,1
TZA000404012698,0,0,0,0,0,0,0,21,10,1,1
TZA000404013047,0,0,0,0,0,0,0,21,9,1,1
TZA000404013048,0,0,0,0,0,0,0,21,9,1,1
TZA000404013066,0,0,0,0,0,0,0,21,10,1,1
TZA000404013061,0,0,0,0,0,0,1,21,10,1,1
TZA000404013056,0,0,0,0,0,0,1,21,10,1,1
TZA000404013044,0,0,0,0,0,0,0,21,10,1,1
TZA000404010937,0,0,0,0,0,0,0,21,10,1,1
TZA000404013081,0,0,0,0,0,0,0,21,10,1,1
TZA000404010580,0,0,0,0,0,0,0,21,10,1,1
TZA000404012692,0,0,0,0,0,0,0,21,10,1,2
TZA000404012693,0,0,0,0,0,0,0,21,10,1,2
TZA000404010941,0,0,0,0,0,0,0,21,10,1,1
TZA000404010569,0,0,0,0,0,0,0,21,10,1,1
TZA000404010938,0,0,0,0,0,0,0,21,10,2,1
TZA000365702101,0,0,0,0,0,0,1,10,10,1,1
TZA000365697737,0,0,0,0,0,0,0,10,10,1,1
TZA000365697838,0,0,1,0,0,0,0,10,10,1,1
TZA000365697760,1,1,0,0,0,0,0,10,10,1,1
TZA000365697754,1,1,0,0,0,0,0,10,10,1,1
TZA000365702039,0,0,0,0,0,0,0,10,10,1,1
TZA000365697839,0,0,0,0,0,0,1,10,10,1,1
TZA000365701718,0,0,0,0,0,0,0,10,10,1,1
TZA000365702037,0,0,0,0,0,0,0,10,10,1,1
TZA000365702036,0,0,0,0,0,0,0,10,10,1,1
TZA000365697835,0,0,0,0,0,0,0,10,10,1,1
TZA000365691722,0,0,0,0,0,0,0,10,10,1,1
TZA000365702038,0,0,1,0,0,0,0,10,10,1,1
TZA000365697816,0,0,0,0,0,0,0,10,10,1,1
TZA000365701756,0,0,0,0,0,0,0,10,10,1,1
TZA000365697782,0,0,0,0,0,0,0,10,10,1,1
TZA000365697826,0,0,0,0,0,0,0,10,10,1,1
TZA000365697815,0,0,0,0,0,0,0,10,10,1,1
TZA000365701757,0,1,0,0,0,0,0,10,10,1,1
TZA000365697877,0,0,1,0,0,0,0,10,10,1,1
TZA000365701755,0,0,0,0,0,0,0,10,10,1,1
TZA000365701715,0,0,0,0,0,0,0,10,10,1,1
TZA000365697833,0,1,0,0,0,0,0,10,10,1,1
TZA000365697786,0,0,0,0,0,0,1,10,10,1,1
TZA000365697661,1,0,1,0,0,0,0,10,10,1,1
TZA000365697667,0,0,1,1,0,0,1,10,10,1,1
TZA000365701958,0,0,1,0,0,0,0,10,11,1,1
TZA000365701959,0,1,1,0,0,1,0,10,11,1,1
TZA000365701663,0,1,0,0,0,0,0,10,10,1,1
TZA000365701650,0,0,0,0,0,0,0,10,10,1,1
TZA000365701647,0,0,0,0,0,0,0,10,10,1,1
TZA000365701648,0,1,0,0,0,0,0,10,10,1,1
TZA000365701649,0,0,0,0,0,0,0,10,10,1,1
TZA000365697894,0,1,1,0,0,0,0,10,11,1,1
TZA000365698006,0,0,0,0,0,0,1,10,10,1,1
TZA000365701842,0,1,0,0,0,0,0,10,10,1,1
TZA000365701845,0,0,1,0,0,0,1,10,10,1,1
TZA000365697575,0,0,1,0,0,0,0,10,11,1,1
TZA000365697472,0,0,1,0,0,0,0,10,10,1,1
TZA000365697474,0,0,1,0,0,0,0,10,10,1,1
TZA000365697936,0,1,1,0,0,0,0,10,10,1,1
TZA000365697935,0,1,1,0,0,0,0,10,10,1,1
TZA000365701944,0,0,1,0,0,0,0,10,10,1,1
TZA000365697899,0,0,1,0,0,0,0,10,10,1,1
TZA000365697921,0,0,0,0,0,0,1,10,10,1,1
TZA000365697902,0,0,0,0,0,0,0,10,10,1,1
TZA000365701697,0,0,0,0,0,0,0,10,10,1,1
TZA000365697827,0,0,1,0,0,0,0,10,10,1,1
TZA000365702055,0,0,0,0,0,0,0,10,10,1,1
TZA000365697828,0,0,1,0,0,0,0,10,10,1,1
TZA000365697456,0,0,1,0,0,0,0,10,10,1,1
TZA000365697734,0,1,0,0,0,0,0,10,10,1,1
TZA000365701685,0,0,0,0,0,0,1,10,11,1,1
TZA000365701696,0,1,1,0,0,0,0,10,10,1,1
TZA000365697674,0,0,1,0,0,0,0,10,10,1,1
TZA000375702563,1,0,0,0,0,0,0,18,11,1,1
TZA000365702609,0,0,0,0,0,0,0,18,11,1,1
TZA000365702285,0,0,0,0,0,0,0,18,11,1,1
TZA000365702704,0,0,0,0,0,0,1,18,11,1,1
TZA000365702768,0,0,1,0,0,0,0,18,11,1,1
TZA000365702562,0,0,0,0,0,0,0,18,11,1,1
TZA000375702769,0,0,0,0,0,0,0,18,11,1,1
TZA000365702702,0,0,0,0,0,0,0,18,11,1,1
TZA000365702657,0,0,0,0,0,0,0,18,11,1,1
TZA000365697053,0,0,0,0,0,0,0,18,11,1,1
TZA000365696990,0,0,0,0,0,0,0,18,11,1,1
TZA000365702654,0,0,0,0,0,1,0,18,11,1,1
TZA000365702561,0,0,0,0,0,0,0,18,11,1,1
TZA000365702259,0,0,0,0,0,0,0,18,11,1,1
TZA000365702690,0,0,0,0,0,0,0,18,11,2,1
TZA000365697184,1,0,0,0,0,0,0,18,11,1,1
TZA000365697041,1,0,0,0,0,0,0,18,11,1,1
TZA000365707408,0,0,0,0,0,0,0,18,11,1,1
TZA000365702692,0,0,0,0,0,0,0,18,11,1,1
TZA000365707043,0,0,0,0,0,0,0,18,11,1,1
TZA000365702446,0,1,1,0,0,0,0,18,11,1,1
TZA000365702613,0,0,1,0,0,0,0,18,11,1,1
TZA000365702566,0,0,1,0,0,1,0,18,11,1,1
TZA000365696845,0,0,0,0,0,0,0,18,11,1,1
TZA000365702496,0,0,1,0,0,0,0,18,11,1,1
TZA000365702301,0,0,0,0,0,0,0,18,11,1,1
TZA000365696993,0,0,0,0,0,0,0,18,11,1,1
TZA000365702300,0,0,1,0,0,0,0,18,11,1,1
TZA000365696992,0,0,0,0,0,0,0,18,11,1,1
TZA000365702668,1,0,0,0,0,0,0,18,11,1,1
TZA000365702555,0,0,0,0,0,0,0,18,11,1,1
TZA000365702445,0,0,1,0,0,0,0,18,11,1,1
TZA000365702237,0,0,0,0,0,0,1,18,11,1,1
TZA000365702584,0,0,0,0,0,0,0,18,11,1,1
TZA000365702283,0,0,0,0,0,0,0,18,11,1,1
TZA000365702282,1,0,0,1,0,0,0,18,11,1,1
TZA000365702811,1,0,0,0,0,1,0,18,11,1,1
TZA000465702747,0,0,0,0,1,0,0,18,11,1,1
TZA000365702531,1,0,0,0,0,0,0,18,11,1,1
TZA000365702807,0,0,0,0,0,0,0,18,11,1,1
TZA000365696966,0,0,0,0,0,0,0,18,11,1,1
TZA000365702806,0,1,0,0,0,0,0,18,11,1,1
TZA000365696667,0,0,0,0,0,0,0,18,11,1,1
TZA000365702530,1,0,0,0,0,0,0,18,11,1,1
TZA000365702434,1,0,0,0,0,0,0,18,11,1,1
TZA000365702494,1,0,0,0,0,0,0,18,11,1,1
TZA000365702493,0,0,0,0,0,0,0,18,11,1,1
TZA000365696991,0,0,1,0,0,1,0,18,11,1,1
TZA000365696874,0,0,0,0,0,0,0,18,11,1,1
TZA000365702512,0,1,0,1,0,0,0,18,11,1,1
TZA000365702488,0,0,0,0,0,0,0,18,11,1,1
TZA000365693427,0,0,0,0,0,0,0,19,9,1,1
TZA000365693449,0,0,0,0,0,0,0,19,9,1,1
TZA000365693283,0,0,0,0,0,0,0,19,9,1,1
TZA000365694107,0,0,0,0,0,0,0,19,9,1,1
TZA000365693245,0,0,0,0,0,0,0,19,9,1,1
TZA000365694108,0,0,0,0,0,0,0,19,9,1,1
TZA000365693451,0,0,0,0,0,0,0,19,9,1,1
TZA000365694298,0,0,0,0,0,0,0,19,9,1,1
TZA000365693396,0,0,0,0,0,0,0,19,9,1,1
TZA000365693424,1,0,0,0,0,0,0,19,9,1,1
TZA000365693400,0,0,0,0,0,0,0,19,9,1,1
TZA000365693878,0,0,0,0,0,0,0,19,9,1,1
TZA000365693885,0,0,0,0,0,0,0,19,9,1,1
TZA000365694099,0,0,0,0,0,0,0,19,9,1,1
TZA000365693877,0,0,0,0,0,0,0,19,9,1,1
TZA000365693416,0,0,0,0,0,0,0,19,9,1,1
TZA000365693421,0,0,0,0,0,0,0,19,9,1,1
TZA000365693404,0,0,0,0,0,0,0,19,9,1,1
TZA000365693614,0,0,0,0,0,0,0,19,9,1,1
TZA000365693497,0,0,0,0,0,0,0,19,9,1,1
TZA000365693515,0,0,0,0,0,0,0,19,9,1,1
TZA000365693489,0,0,0,0,0,0,1,19,9,1,1
TZA000365693345,1,0,0,0,0,0,0,19,9,1,1
TZA000365693364,0,0,0,0,1,0,0,19,9,1,1
TZA000365693570,0,0,0,0,0,0,0,19,9,1,1
TZA000365693701,0,0,0,0,0,0,0,19,9,1,1
TZA000365693344,0,0,0,0,0,0,0,19,9,1,1
TZA000365693572,0,0,0,0,0,0,0,19,9,1,1
TZA000365693491,0,0,0,0,0,0,0,19,9,1,1
TZA000365693541,0,0,0,0,0,0,1,19,9,1,2
TZA000365693599,0,0,0,0,0,0,0,19,9,1,1
TZA000365693662,0,0,0,0,0,0,0,19,9,1,1
TZA000365693899,0,0,0,0,0,0,0,19,9,1,1
TZA000365693660,1,0,0,0,0,0,0,19,9,1,1
TZA000365693923,0,0,0,0,0,0,0,19,9,1,1
TZA000365693898,0,0,0,0,0,0,0,19,9,1,1
TZA000365693919,0,0,0,0,0,0,0,19,9,1,1
TZA000365693679,0,0,0,0,0,0,0,19,9,1,1
TZA000365693920,0,0,0,0,0,0,0,19,9,1,1
TZA000365693680,0,0,0,0,0,1,0,19,9,1,1
TZA000365693904,0,0,0,0,0,0,0,19,9,1,1
TZA000365693752,0,0,0,0,0,0,0,19,9,1,1
TZA000365693827,0,0,0,0,0,0,0,19,9,1,1
TZA000365693847,0,0,0,0,0,0,0,19,9,1,1
TZA000365693811,0,0,0,0,0,0,0,19,9,1,1
TZA000365693785,0,0,0,0,0,0,0,19,9,1,1
TZA000365693783,0,0,0,0,0,0,0,19,9,1,1
TZA000365693814,0,0,0,0,0,0,0,19,9,1,1
TZA000365693974,0,0,0,0,0,0,0,19,9,1,1
TZA000365694281,0,0,0,0,0,0,0,19,9,1,1
TZA000365693992,0,0,0,0,1,0,0,19,9,1,1
TZA000365693995,0,0,0,0,1,0,0,19,9,1,1
TZA000365694022,0,0,0,0,0,0,0,19,9,1,1
TZA000365693999,0,0,0,0,1,0,0,19,9,1,1
TZA000365693942,0,0,0,0,1,1,0,19,9,1,1
TZA000365694011,0,0,0,0,1,0,0,19,9,1,1
TZA000365693964,0,0,0,0,0,0,1,19,9,1,1
TZA000365693971,0,0,0,0,1,0,0,19,9,1,1
TZA000365694021,0,0,0,0,1,0,0,19,9,1,1
TZA000365693951,0,0,0,0,1,0,0,19,9,1,1
TZA000365693973,0,0,0,0,0,0,0,19,9,1,1
TZA000365693523,0,0,0,0,0,0,0,19,9,1,1
TZA000365693540,0,0,0,0,0,0,0,19,9,1,2
TZA000365694042,0,0,0,0,0,0,0,19,9,1,1
TZA000365694048,0,0,0,0,0,0,1,19,9,1,1
TZA000365693237,0,0,0,0,0,0,0,19,9,1,1
TZA000365693717,0,0,0,0,0,0,0,19,9,1,3
TZA000365693228,0,0,0,0,0,0,0,19,9,1,1
TZA000365693565,0,0,0,0,0,0,0,19,9,1,1
TZA000365693242,0,0,0,0,0,0,0,19,9,1,1
TZA000365693703,0,0,0,0,0,0,0,19,9,1,3
TZA000365693336,0,0,0,0,0,0,1,19,9,1,1
TZA000365693337,0,0,0,0,0,0,1,19,9,1,1
TZA000365693299,0,0,0,0,0,0,0,19,9,1,1
TZA000365693320,0,0,0,0,0,0,0,19,9,1,1
TZA000365693322,0,0,0,0,0,0,0,19,9,1,1
TZA000365693288,0,0,0,0,0,0,0,19,9,1,1
TZA000365693280,0,0,0,0,0,0,0,19,9,1,1
TZA000365693310,0,0,0,0,0,0,0,19,9,1,1
TZA000365694157,0,0,0,0,0,0,0,19,9,1,1
TZA000365694159,0,0,0,0,0,0,0,19,9,1,1
TZA000365698633,0,0,0,0,0,0,0,6,1,1,1
TZA000365698976,0,0,0,0,0,0,0,6,1,1,1
TZA000365698703,0,0,0,0,0,0,0,6,1,1,1
TZA000365698637,0,0,0,1,0,0,0,6,1,1,1
TZA000365699037,1,0,0,0,0,0,0,6,1,1,2
TZA000365698722,0,0,0,0,0,0,0,6,1,1,1
TZA000365698653,0,0,0,0,1,0,0,6,1,1,1
TZA000365698664,0,0,0,0,0,0,0,6,1,1,1
TZA000365698628,0,0,0,0,1,0,0,6,1,1,1
TZA000365699010,0,0,0,0,0,0,0,6,1,1,1
TZA000365699115,1,0,0,1,0,0,0,6,1,1,2
TZA000365699073,0,0,0,0,0,0,0,6,1,1,1
TZA000365699173,0,0,0,0,0,1,0,6,1,1,1
TZA000365699177,0,0,0,0,0,0,0,6,1,1,2
TZA000365699114,0,0,0,0,0,0,0,6,1,1,2
TZA000365698940,0,0,0,0,0,0,0,6,1,1,1
TZA000365699220,0,0,0,0,0,0,0,6,1,1,1
TZA000365699185,1,0,0,0,1,0,1,6,1,1,1
TZA000365699184,0,0,0,0,0,0,1,6,1,1,1
TZA000365699187,0,1,0,0,1,0,1,6,1,1,1
TZA000365699164,0,1,0,0,0,0,0,6,1,1,1
TZA000365699116,1,0,0,0,0,0,0,6,1,1,1
TZA000365698847,0,0,0,0,0,0,0,6,1,1,2
TZA000365699208,0,0,0,0,0,0,0,6,1,1,1
TZA000365699143,1,0,0,0,0,0,0,6,1,1,1
TZA000365699008,0,0,0,0,0,0,0,6,1,1,1
TZA000404022481,0,0,0,0,1,0,0,6,1,1,1
TZA000404022752,1,0,0,0,0,0,0,6,1,1,1
TZA000404022751,0,0,0,0,0,0,0,6,1,1,1
TZA000404022484,0,0,0,0,0,0,0,6,1,1,1
TZA000404022489,0,0,0,0,0,0,0,6,1,1,1
TZA000404022480,1,0,0,0,0,0,0,6,1,1,1
TZA000403251741,1,0,0,0,0,0,0,6,1,1,1
TZA000365698781,0,0,0,0,0,0,0,6,1,1,1
TZA000365698689,0,0,0,0,0,0,0,6,1,1,1
TZA000365698772,0,0,0,0,1,0,0,6,1,1,1
TZA000365698788,0,0,0,0,0,0,1,6,1,1,1
TZA000365698789,0,0,0,0,0,0,1,6,1,1,1
TZA000404022673,0,1,0,0,1,0,0,6,2,1,4
TZA000404022824,0,1,0,0,1,0,0,6,2,1,4
TZA000404022836,0,1,0,0,1,0,0,6,2,1,4
TZA000404022827,0,1,0,0,1,0,0,6,2,1,4
TZA000404022829,0,1,0,0,1,0,0,6,2,1,4
TZA000404022835,0,1,0,0,1,0,0,6,2,1,4
TZA000404022825,0,1,0,0,1,0,0,6,2,1,4
TZA000404022840,0,0,0,0,1,0,1,6,2,1,4
TZA000404022665,0,1,0,0,1,0,0,6,2,1,4
TZA000404022848,0,0,0,0,1,0,0,6,2,1,4
TZA000404022679,0,1,0,0,1,0,0,6,2,1,4
TZA000365699051,0,0,0,0,0,0,0,6,1,1,1
TZA000365699166,1,0,0,0,1,0,0,6,1,1,1
TZA000365699150,1,0,0,0,0,0,0,6,1,1,1
TZA000365699107,0,0,0,0,0,0,0,6,1,1,1
TZA000365699197,0,0,0,0,1,0,0,6,1,1,1
TZA000365699099,0,0,0,0,0,0,0,6,1,1,1
TZA000365699018,0,0,0,0,1,0,0,6,1,1,1
TZA000404022828,0,1,0,0,1,0,0,6,2,1,4
TZA000404022676,0,0,0,0,1,0,0,6,2,1,4
TZA000404022786,0,1,0,0,1,0,0,6,2,1,4
TZA000404022792,0,1,0,0,1,0,0,6,2,1,4
TZA000365699067,0,0,0,0,0,0,0,6,1,1,1
TZA000365699045,0,0,0,0,0,0,0,6,1,1,1
TZA000192802618,0,0,0,0,0,0,0,6,1,2,1
TZA000365699025,0,0,0,0,0,0,0,6,1,1,1
TZA000404022615,0,0,0,0,0,0,0,6,1,1,1
TZA000404022612,0,0,0,0,1,0,0,6,1,1,1
TZA000365698733,0,0,0,0,0,1,0,6,1,1,1
TZA000404023068,0,0,0,0,0,0,1,6,1,1,1
TZA000404023070,0,0,0,0,0,1,0,6,1,1,1
TZA000404023069,0,0,0,0,0,0,0,6,1,1,1
TZA000404023093,0,0,0,0,0,0,0,6,1,1,1
TZA000404023082,0,0,0,0,0,0,0,6,1,1,1
TZA000404023087,0,0,0,0,0,0,0,6,1,1,1
TZA000404023058,0,0,0,0,0,0,0,6,1,1,1
TZA000404023085,0,0,0,0,0,0,0,6,1,2,1
TZA000404023073,0,0,0,0,0,0,0,6,1,1,1
TZA000404023083,0,0,0,0,0,0,0,6,1,1,1
TZA000404023095,0,0,0,0,0,0,0,6,1,1,1
TZA000404023099,0,0,0,0,0,0,0,6,1,1,1
TZA000404023100,0,0,0,0,0,0,1,6,1,1,1
TZA000404023077,0,0,0,1,0,0,0,6,1,1,1
TZA000404023059,0,0,0,1,0,0,0,6,1,1,1
TZA000404023104,0,0,0,0,0,0,0,6,1,1,1
TZA000365699222,0,1,0,0,0,0,0,6,1,1,1
TZA000365699202,0,0,0,0,0,0,0,6,1,1,1
TZA000365699203,0,0,0,0,0,0,0,6,1,1,1
TZA000365699098,0,0,0,0,0,0,0,6,1,1,1
TZA000404022844,0,0,0,0,1,0,0,6,2,1,4
TZA000365699163,0,0,0,0,0,0,0,6,1,1,1
TZA000365699165,1,0,0,1,0,0,0,6,1,1,1
TZA000365699052,0,0,0,0,0,0,0,6,1,1,1
TZA000365699069,0,0,0,0,0,0,0,6,1,1,1
TZA000365698997,0,1,0,0,0,0,0,6,1,1,1
TZA000365699226,0,1,0,0,0,0,0,6,1,1,2
TZA000365699049,1,0,0,0,0,0,1,6,1,1,1
TZA000365698996,0,0,0,0,0,0,0,6,1,1,1
TZA000404022668,0,1,0,1,1,0,0,6,2,1,4
TZA000404022663,0,1,0,0,1,0,0,6,2,1,4
TZA000404022675,0,0,0,0,1,0,0,6,2,1,4
TZA000404022833,0,1,0,0,1,0,0,6,2,1,4
TZA000404022819,0,1,0,0,1,0,0,6,2,1,4
TZA000403253285,0,1,0,1,0,0,0,7,2,1,1
TZA000403251711,0,0,0,0,1,0,0,7,2,1,1
TZA000403251746,0,0,0,0,0,0,1,7,2,1,1
TZA000404021148,0,0,0,0,0,0,0,7,2,1,1
TZA000403253273,0,0,0,0,1,0,0,7,2,1,1
TZA000404020768,0,1,0,0,1,0,0,7,2,1,1
TZA000403251716,0,0,0,0,0,0,0,7,2,1,1
TZA000404021128,0,1,0,0,1,1,1,7,2,1,3
TZA000404021242,0,0,0,0,1,0,0,7,2,1,1
TZA000404021247,0,0,0,0,1,0,0,7,2,1,1
TZA000403251735,0,1,0,0,1,0,0,7,2,1,1
TZA000404021246,0,0,0,0,0,0,0,7,2,1,1
TZA000404021248,0,0,0,0,1,0,0,7,2,1,1
TZA000404020757,0,0,0,0,0,0,0,7,2,1,1
TZA000404020754,1,0,0,0,0,0,0,7,2,1,1
TZA000404020744,0,1,0,0,0,0,0,7,2,1,1
TZA000404020737,0,0,0,0,0,0,0,7,2,1,1
TZA000404020755,0,0,0,0,0,0,0,7,2,1,1
TZA000404020869,0,0,0,0,0,0,0,7,2,1,1
TZA000404020867,0,0,0,0,0,0,1,7,2,1,1
TZA000404021056,0,0,0,0,0,0,0,7,2,1,1
TZA000404020892,0,0,0,0,1,0,0,7,2,1,2
TZA000404020894,0,0,0,0,0,0,0,7,2,1,2
TZA000404021034,0,1,0,0,1,0,0,7,2,1,2
TZA000404021032,0,0,0,0,1,0,0,7,2,1,1
TZA000403253294,0,0,0,0,0,0,0,7,2,1,2
TZA000403251745,0,0,0,0,0,0,0,7,2,1,1
TZA000404021241,0,1,0,0,0,0,0,7,2,1,1
TZA000403251719,0,0,0,0,0,0,0,7,2,1,1
TZA000404020936,0,0,0,0,1,0,0,7,2,1,1
TZA000403253299,0,0,0,0,0,0,0,7,2,1,1
TZA000403253297,0,0,0,0,1,0,0,7,2,1,1
TZA000404020981,0,0,0,0,0,0,0,7,2,1,1
TZA000404020985,0,0,0,0,0,0,0,7,2,1,1
TZA000404020982,0,0,0,0,0,1,0,7,2,1,1
TZA000404020858,0,0,0,0,0,0,0,7,2,1,1
TZA000404020931,0,0,0,0,0,1,0,7,2,1,1
TZA000403251733,0,0,0,0,0,1,0,7,2,1,1
TZA000403253272,0,1,0,1,1,0,0,7,2,1,1
TZA000404020862,0,0,0,0,1,0,0,7,2,1,3
TZA000404020863,0,0,0,0,1,0,0,7,2,1,3
TZA000404020949,0,0,0,0,1,0,1,7,2,1,1
TZA000403251717,0,0,0,0,1,0,1,7,2,1,1
TZA000403261740,0,0,0,0,0,0,1,7,2,1,1
TZA000404026319,0,0,1,0,0,0,0,8,2,1,2
TZA000404026253,0,0,0,0,0,1,0,8,2,1,1
TZA000403352433,0,0,0,0,1,0,0,8,2,1,1
TZA000404025943,0,0,0,0,0,0,0,8,2,1,1
TZA000404025931,0,0,1,0,0,0,1,8,2,1,1
TZA000404025944,0,0,0,0,0,0,0,8,2,1,1
TZA000403258116,0,0,0,0,0,1,0,8,2,1,1
TZA000403252432,0,0,0,0,0,0,0,8,2,1,1
TZA000403258179,0,0,0,0,0,0,1,8,2,1,1
TZA000403258149,0,0,0,0,0,0,0,8,2,1,1
TZA000404026093,0,0,0,0,0,0,0,8,2,1,1
TZA000404026252,0,0,0,0,0,1,0,8,2,1,1
TZA000404026262,0,0,0,0,0,0,0,8,2,1,1
TZA000404026244,0,0,0,0,0,0,0,8,2,1,1
TZA000403258138,0,0,0,0,0,0,0,8,2,1,1
TZA000404026019,0,0,0,0,0,0,0,8,2,1,1
TZA000403258139,0,0,0,0,0,0,0,8,2,1,1
TZA000404026158,0,1,0,0,0,0,0,8,2,1,1
TZA000404026152,0,0,0,0,1,0,0,8,2,1,1
TZA000404026276,0,0,0,0,0,0,0,8,2,1,1
TZA000404025958,0,0,0,0,0,0,0,8,2,1,1
TZA000404026274,0,0,0,0,0,0,0,8,2,1,1
TZA000404026144,0,0,0,0,0,0,0,8,2,1,1
TZA000404029127,1,0,0,0,0,0,1,8,2,1,1
TZA000404029121,0,0,0,0,0,0,0,8,2,1,1
TZA000404028960,1,0,0,0,0,0,0,8,2,1,1
TZA000404029168,0,1,0,0,0,0,0,8,2,1,1
TZA000404028810,0,0,0,0,0,0,1,8,2,1,1
TZA000404029165,0,0,0,0,0,0,0,8,2,1,1
TZA000404028815,0,1,0,0,0,0,0,8,2,1,1
TZA000404029056,0,1,0,0,0,0,0,8,2,1,1
TZA000404029194,1,0,0,0,0,0,0,8,2,1,1
TZA000404029210,0,1,0,0,0,0,1,8,2,1,1
TZA000403258190,0,0,0,0,0,0,0,8,2,1,1
TZA000404029375,0,0,0,0,0,0,0,8,2,1,2
TZA000404029356,0,1,0,0,0,1,0,8,2,1,1
TZA000404029104,1,0,0,0,0,0,0,8,2,1,1
TZA000403258120,0,0,0,0,0,0,0,8,2,1,1
TZA000403253380,0,0,0,0,0,0,1,8,2,1,1
TZA000404025939,0,0,1,0,0,0,0,8,2,1,3
TZA000404025938,0,0,0,0,0,0,0,8,2,1,3
TZA000403252415,0,0,0,0,0,0,0,8,2,1,1
TZA000403252423,0,0,0,0,0,0,0,8,2,1,3
TZA000403252424,0,0,0,0,0,0,0,8,2,1,3
TZA000365698536,0,0,0,0,0,0,0,8,2,1,1
TZA000365698193,0,0,0,0,0,0,0,8,2,1,1
TZA000365698449,0,0,0,0,0,1,0,8,2,1,1
TZA000365698448,0,0,0,0,0,0,0,8,2,1,1
TZA000365698535,0,0,0,0,0,0,0,8,2,1,1
TZA000404028842,0,0,0,0,0,0,0,8,2,1,1
TZA000365698486,0,0,0,0,0,0,0,8,2,1,1
TZA000365698433,0,0,0,0,0,0,0,8,2,1,1
TZA000365698451,0,0,0,0,0,0,0,8,2,1,1
TZA000404028978,0,0,0,0,0,0,0,8,2,1,1
TZA000404028948,0,0,0,0,0,1,0,8,2,1,1
TZA000404028977,0,0,0,0,0,0,0,8,2,1,1
TZA000404029047,0,0,0,0,0,0,0,8,2,1,1
TZA000365698455,0,0,0,0,0,0,1,8,2,1,1
TZA000404028990,0,0,0,0,0,0,0,8,2,1,1
TZA000365698609,0,0,0,0,0,0,0,8,2,1,1
TZA000365698619,0,1,0,0,0,0,1,8,2,1,1
TZA000365698620,0,0,0,0,0,0,1,8,2,1,1
TZA000365698608,0,0,0,0,0,0,1,8,2,1,1
TZA000365698558,0,0,0,0,0,1,0,8,2,1,1
TZA000365698584,0,0,0,0,0,0,1,8,2,1,1
TZA000365698415,0,1,0,0,0,0,0,8,2,1,1
TZA000403258111,0,0,0,0,0,0,0,8,2,1,1
TZA000404025999,0,1,0,0,0,0,0,8,2,1,1
TZA000403258180,0,0,0,0,1,0,0,8,2,1,1
TZA000365698063,0,0,0,0,0,0,0,8,2,1,1
TZA000365698066,0,0,0,0,0,0,0,8,2,1,1
TZA000365698074,0,0,0,0,0,0,0,8,2,1,1
TZA000365698075,0,0,0,0,0,0,0,8,2,1,1
TZA000365698218,0,0,0,0,0,0,1,8,2,1,1
TZA000365698234,0,0,0,0,0,0,0,8,2,1,1
TZA000365698259,0,0,0,0,0,0,0,8,2,1,1
TZA000365698275,0,0,0,0,0,0,0,8,2,1,1
TZA000403258189,0,0,0,0,0,0,0,8,2,1,1
TZA000403252421,0,0,0,0,0,0,0,8,2,1,1
TZA000404025955,0,0,0,0,0,0,0,8,2,1,1
TZA000403258163,0,1,0,0,0,0,0,8,2,1,1
TZA000403258128,0,0,0,0,0,0,0,8,2,1,1
TZA000403258121,1,0,0,0,0,0,1,8,2,1,1
TZA000404025921,0,0,0,0,0,0,0,8,2,1,1
TZA000404028864,0,0,0,0,0,0,0,8,2,1,1
TZA000404028863,0,0,0,0,0,0,0,8,2,1,1
TZA000404028859,0,0,0,0,0,0,0,8,2,1,1
TZA000404028858,0,0,1,0,0,0,0,8,2,1,1
TZA000404028856,0,0,0,0,0,0,0,8,2,1,1
TZA000404028861,0,0,0,0,0,0,0,8,2,1,1
TZA000404026022,0,0,0,0,0,1,0,8,2,1,1
TZA000404026024,0,1,0,0,0,0,0,8,2,1,1
TZA000404026029,0,0,0,0,0,0,0,8,2,1,1
TZA000404025979,0,0,0,0,0,0,0,8,2,1,1
TZA000404026057,0,0,0,0,0,0,0,8,2,1,1
TZA000403258126,0,0,0,0,0,0,0,8,2,1,1
TZA000404026070,0,0,0,0,0,0,1,8,2,1,1
TZA000404026225,0,0,0,0,0,0,1,8,2,1,1
TZA000404026199,0,1,0,0,0,0,0,8,2,1,1
TZA000404025984,0,0,0,0,0,0,0,8,2,1,1
TZA000404026058,0,0,0,0,0,0,0,8,2,1,1
TZA000404026071,0,0,0,0,0,0,0,8,2,1,1
TZA000404026068,0,0,0,0,0,0,0,8,2,1,1
TZA000404026188,0,0,0,0,0,1,0,8,2,1,1
TZA000403258125,0,0,0,0,0,0,0,8,2,1,1
TZA000404025981,0,0,0,0,0,0,0,8,2,1,1
TZA000404026050,0,0,0,0,0,0,0,8,2,1,1
TZA000192810566,0,0,0,0,0,0,0,17,1,1,2
TZA000192803758,0,0,0,0,0,0,0,17,12,1,1
TZA000192803819,0,1,0,1,1,0,1,17,1,1,3
TZA000192803816,0,0,0,0,0,0,0,17,1,1,3
TZA000192803970,0,0,0,0,1,0,0,17,1,1,3
TZA000192803968,1,0,0,0,1,0,0,17,1,1,3
TZA000192803892,0,1,0,0,0,0,1,17,1,1,3
TZA000192804230,0,1,0,0,0,0,0,17,12,1,2
TZA000192804252,0,0,0,0,0,0,0,17,12,1,2
TZA000192804134,0,1,0,0,0,0,1,17,12,1,2
TZA000192800475,1,0,0,0,1,0,1,17,12,1,1
TZA000192805010,0,0,0,0,0,0,0,17,1,1,2
TZA000192805958,1,0,0,0,1,0,0,17,12,1,1
TZA000192800508,0,0,0,0,1,0,0,17,12,1,1
TZA000192800581,0,0,0,0,1,0,0,17,12,1,1
TZA000192806003,0,0,0,1,0,0,0,17,12,1,1
TZA000192800510,0,0,0,0,0,0,0,17,12,1,1
TZA000192804548,0,0,0,0,0,0,0,17,12,1,1
TZA000192804950,1,0,0,0,0,1,0,17,12,1,1
TZA000192805795,0,0,0,0,1,0,0,17,12,1,1
TZA000192800454,1,0,0,0,1,0,0,17,12,1,1
TZA000192805786,0,0,0,0,1,0,0,17,12,1,1
TZA000192804425,0,0,0,0,1,0,0,17,12,1,1
TZA000192804137,0,1,0,0,1,0,0,17,12,1,2
TZA000192804135,0,1,0,0,0,0,0,17,12,1,2
TZA000192803734,0,0,0,0,0,0,0,17,12,1,1
TZA000192803749,1,0,0,0,0,0,0,17,12,1,1
TZA000365693871,0,0,0,1,1,0,0,17,1,1,1
TZA000192804878,1,1,0,0,1,0,0,17,12,1,1
TZA000192805079,0,0,0,0,0,0,0,17,12,1,1
TZA000192800203,0,0,0,0,0,0,0,17,1,2,1
TZA000192800398,0,0,0,0,1,0,1,17,1,1,1
TZA000192799880,1,0,0,0,1,0,0,17,1,1,1
TZA000192800191,0,0,0,0,0,0,0,17,1,1,1
TZA000192799902,0,1,0,0,0,0,0,17,1,1,1
TZA000192802331,NA,0,0,0,0,1,1,17,1,1,1
TZA000192800148,0,0,0,0,1,0,0,17,1,1,1
TZA000192800425,0,1,0,0,1,0,1,17,1,1,1
TZA000192802309,0,0,0,0,0,0,0,17,1,1,1
TZA000192800163,0,0,0,0,1,1,0,17,1,1,1
TZA000192800274,0,0,0,1,1,0,1,17,1,1,1
TZA000192800339,0,0,0,0,0,0,0,17,1,1,1
TZA000192799946,0,1,0,0,1,0,0,17,1,1,1
TZA000192799896,0,0,0,0,0,0,1,17,1,1,1
TZA000192799910,0,0,0,0,0,0,0,17,1,1,1
TZA000192799961,0,0,0,0,0,0,0,17,1,1,1
TZA000192800855,0,1,0,0,1,0,0,17,1,1,1
TZA000192806555,0,0,0,0,0,0,0,17,1,1,1
TZA000192806610,0,0,0,0,0,0,1,17,1,1,1
TZA000192806644,1,0,0,0,1,0,0,17,1,1,1
TZA000192806631,1,0,0,0,0,0,0,17,1,1,1
TZA000192806640,0,0,0,0,1,0,0,17,1,1,1
TZA000192800367,0,0,0,0,0,0,0,17,1,1,1
TZA000192799875,1,0,0,0,0,1,0,17,1,1,1
TZA000192799872,0,0,0,0,0,0,1,17,1,1,1
TZA000192806592,0,0,0,0,0,0,0,17,1,1,2
TZA000192802216,1,0,0,0,1,0,0,17,1,2,1
TZA000192806588,0,0,0,0,0,0,0,17,1,1,1
TZA000192806550,0,0,0,0,0,0,0,17,2,1,1
TZA000192806593,0,0,0,0,0,0,1,17,1,1,2
TZA000192800286,0,0,0,0,0,0,0,17,1,1,1
TZA000192802462,0,0,0,0,0,0,1,17,1,1,1
TZA000192800399,0,0,0,0,1,0,0,17,1,1,1
TZA000192799863,0,0,0,0,0,0,0,17,1,1,1
TZA000192806554,0,0,0,0,0,0,0,17,1,1,1
TZA000192802337,1,0,0,0,0,0,1,17,1,1,1
TZA000192806664,0,0,0,0,0,0,1,17,1,1,1
TZA000192802794,0,0,0,0,0,0,0,17,1,1,1
TZA000192803047,0,0,0,0,0,0,0,17,1,1,1
TZA000192803095,0,0,0,0,0,0,0,17,1,1,1
TZA000192810519,0,0,0,0,0,0,0,17,1,1,1
TZA000192802856,0,0,0,1,0,0,0,17,1,1,1
TZA000192803125,0,1,0,0,0,0,0,17,2,1,1
TZA000192800004,0,0,1,0,0,0,0,17,2,1,1
TZA000192802739,0,0,0,0,0,0,0,17,1,1,1
TZA000192799964,0,0,0,0,1,0,1,17,2,1,1
TZA000192806672,0,0,0,0,0,0,0,17,2,1,1
TZA000192806673,0,1,0,0,0,0,1,17,2,1,1
TZA000192806547,0,0,0,0,0,0,0,17,1,1,1
TZA000192806675,0,0,0,0,0,0,1,17,1,1,1
TZA000192802889,1,0,0,0,0,0,1,17,1,1,1
TZA000192806659,0,0,0,0,0,1,1,17,1,1,1
TZA000192806661,0,0,0,0,0,0,0,17,1,1,1
TZA000192803053,1,0,0,1,0,0,0,17,1,1,1
TZA000192803036,1,0,0,0,1,0,1,17,1,1,1
TZA000192806660,1,0,0,1,0,0,0,17,1,1,1
TZA000192806663,0,0,0,1,0,0,1,17,1,1,1
TZA000192810454,0,0,0,0,0,0,1,17,1,1,1
TZA000192802802,0,0,0,0,0,0,0,17,1,1,1
TZA000192806662,0,0,0,0,0,0,0,17,1,1,1
TZA000192803044,0,0,0,0,0,0,0,17,1,1,1
TZA000192805676,1,0,0,0,0,0,0,17,12,1,1
TZA000192805678,1,0,0,0,0,1,0,17,12,1,1
TZA000192805330,0,0,0,1,0,0,0,17,1,1,2
TZA000192805319,0,0,0,0,0,0,0,17,1,1,2
TZA000192803750,0,0,0,0,1,0,0,17,12,1,1
TZA000192803687,0,0,0,1,0,0,0,17,1,1,2
TZA000192803683,0,0,0,0,0,0,0,17,12,1,1
TZA000192803686,0,0,0,0,0,0,0,17,1,1,2
TZA000192803681,0,0,0,1,0,0,0,17,12,1,1
TZA000192803682,0,0,0,0,0,0,0,17,12,1,1
TZA000192803987,0,0,0,1,1,0,0,17,1,1,3
TZA000192803709,1,0,0,0,0,0,0,17,12,1,1
TZA000192803685,0,0,0,0,0,0,0,17,1,1,2
TZA000192800961,0,0,0,0,0,0,0,17,2,1,1
TZA000192796252,0,0,0,0,0,0,0,17,2,1,1
TZA000192800942,0,1,0,0,0,0,0,17,2,2,1
TZA000192800635,0,0,0,0,0,1,1,17,2,1,1
TZA000192796303,0,0,0,0,0,0,1,17,2,1,1
TZA000192796226,0,1,0,0,0,0,0,17,2,1,1
TZA000192800888,0,0,0,0,0,1,0,17,2,1,1
TZA000192796261,0,0,0,0,0,0,1,17,2,1,1
TZA000192796151,0,0,0,0,0,0,1,17,2,1,1
TZA000192804491,0,0,0,0,0,0,1,17,12,1,1
TZA000192804508,0,0,0,1,0,0,0,17,12,1,1
TZA000192805959,0,0,0,0,1,0,0,17,12,1,1
TZA000192804514,0,0,0,0,1,0,0,17,12,1,1
TZA000192805794,0,0,0,0,1,0,0,17,12,1,1
TZA000192804496,0,0,0,0,1,0,0,17,12,1,1
TZA000192804940,1,0,0,0,1,1,0,17,12,1,1
TZA000192805901,0,0,0,0,1,0,0,17,12,1,1
TZA000192805902,0,0,0,0,1,0,0,17,12,1,1
TZA000192805923,0,0,0,0,0,1,1,17,12,1,1
TZA000192805952,1,1,0,0,1,0,0,17,12,1,1
TZA000192805953,0,0,0,0,0,1,0,17,12,1,1
TZA000192805906,0,0,0,0,0,0,0,17,12,1,1
TZA000192805905,0,0,0,0,1,0,0,17,12,1,1
TZA000192805921,0,0,0,0,0,0,0,17,12,1,1
TZA000192806018,0,0,0,1,0,0,0,17,1,1,1
TZA000192805739,0,0,0,0,1,0,0,17,12,1,1
TZA000192805738,0,0,0,0,1,0,0,17,12,1,1
TZA000192805067,0,0,0,0,1,0,0,17,12,1,1
TZA000192800473,1,0,0,0,1,0,0,17,12,1,1
TZA000404024900,1,0,0,0,1,0,0,17,12,1,1
TZA000192805136,1,0,0,0,1,1,1,17,12,1,1
TZA000192805793,0,0,0,0,1,0,0,17,12,1,1
TZA000192805075,0,0,0,0,1,0,0,17,12,1,1
TZA000192804966,0,0,0,0,1,0,0,17,12,1,1
TZA000192805116,0,0,0,0,1,0,0,17,12,1,1
TZA000365699808,0,0,0,0,0,0,0,23,12,1,1
TZA000365699736,0,0,0,0,0,0,0,23,12,1,1
TZA000403258003,0,0,0,0,1,0,0,23,12,1,1
TZA000404024908,1,1,0,0,1,0,0,23,12,1,1
TZA000365699653,0,1,0,0,0,0,0,23,12,1,2
TZA000404024295,0,0,0,0,0,0,0,23,12,1,2
TZA000365699565,0,0,0,0,0,0,0,23,12,1,2
TZA000365699720,0,0,0,0,0,0,0,23,12,1,1
TZA000365699761,0,0,0,0,0,0,1,23,12,1,1
TZA000365699741,0,0,0,0,0,0,0,23,12,1,1
TZA000365699811,0,0,0,0,0,1,1,23,12,1,1
TZA000365699807,0,0,0,0,0,0,0,23,12,1,1
TZA000404025325,0,1,0,1,0,0,0,23,12,1,4
TZA000404025323,1,1,0,0,0,0,0,23,12,1,4
TZA000404025354,1,1,0,0,0,0,0,23,12,1,4
TZA000404025313,0,1,0,0,0,0,0,23,12,1,4
TZA000365699735,0,0,0,0,1,0,1,23,12,1,1
TZA000365699526,0,0,0,0,0,0,0,23,1,1,3
TZA000365699504,0,0,0,1,0,1,0,23,1,1,3
TZA000365699506,0,0,0,0,1,0,1,23,1,1,3
TZA000365699378,0,0,0,0,0,0,0,23,12,1,2
TZA000404025334,1,1,0,0,0,0,0,23,12,1,4
TZA000404025350,0,1,0,0,0,0,0,23,12,1,4
TZA000365699376,0,0,0,1,0,0,1,23,12,1,2
TZA000365699495,0,1,0,1,1,0,0,23,1,1,3
TZA000404025315,1,0,0,0,1,0,0,23,12,1,4
TZA000365699379,0,0,0,1,0,0,1,23,12,1,2
TZA000365699385,0,0,0,0,0,0,1,23,12,1,2
TZA000365699382,0,0,0,1,0,0,0,23,12,1,2
TZA000404025328,0,1,0,0,0,0,0,23,12,1,4
TZA000404025329,0,1,0,1,0,0,0,23,12,1,4
TZA000365699528,0,0,0,0,0,1,0,23,1,1,3
TZA000404025326,1,1,0,1,1,1,0,23,12,1,4
TZA000404025340,0,1,0,0,0,0,0,23,12,1,4
TZA000365699499,0,0,0,1,0,0,0,23,1,1,3
TZA000404025338,0,1,0,1,0,0,0,23,12,1,4
TZA000365699381,0,0,0,1,0,0,1,23,12,1,2
TZA000365699503,1,0,0,0,1,0,1,23,1,1,3
TZA000404025342,0,1,0,0,0,0,0,23,12,1,4
TZA000404025357,1,1,0,0,0,0,0,23,12,1,4
TZA000404024876,0,0,0,1,0,1,0,23,1,1,3
TZA000404025356,0,1,0,0,0,0,0,23,12,1,4
TZA000365699694,0,0,0,0,0,0,0,23,12,1,1
TZA000365699672,0,0,0,0,0,0,0,23,12,1,1
TZA000404025317,1,1,0,0,1,0,0,23,12,1,4
TZA000404025321,0,1,0,0,0,0,0,23,12,1,4
TZA000404025355,0,1,0,0,0,0,0,23,12,1,4
TZA000404025339,0,1,0,0,0,0,0,23,12,1,4
TZA000365699505,0,0,0,1,1,1,0,23,1,1,3
TZA000404025332,0,1,0,0,0,0,1,23,12,1,4
TZA000404024878,0,0,0,0,1,0,0,23,1,1,3
TZA000404024887,0,0,0,0,0,0,0,23,1,2,3
TZA000404024382,1,0,0,1,0,0,0,23,12,1,1
TZA000404024383,0,0,0,0,0,0,1,23,12,1,1
TZA000404024369,0,0,0,0,0,1,0,23,12,1,1
TZA000365699478,0,0,0,0,0,0,0,23,12,1,2
TZA000365699466,0,0,0,0,0,0,0,23,12,1,1
TZA000365699431,0,0,0,0,1,0,0,23,12,1,2
TZA000365699469,0,0,0,0,0,0,1,23,12,1,1
TZA000365699479,1,1,0,1,0,0,0,23,12,1,2
TZA000365699396,1,0,0,0,0,0,1,23,12,1,1
TZA000365699399,1,0,0,0,0,0,0,23,12,1,1
TZA000404024487,0,0,0,0,0,0,1,23,12,1,2
TZA000404024514,0,0,0,0,0,0,1,23,12,1,1
TZA000404024512,0,0,0,1,0,0,0,23,12,1,1
TZA000365699599,0,0,0,0,1,0,0,23,12,1,1
TZA000365699232,1,0,0,0,1,0,0,23,12,1,1
TZA000365699229,0,0,0,0,0,0,0,23,12,1,1
TZA000365699608,0,0,0,0,1,1,1,23,12,1,1
TZA000365699610,1,0,0,1,1,0,0,23,12,1,1
TZA000365699228,0,0,0,0,1,0,0,23,12,1,1
TZA000365699609,1,0,0,0,1,1,0,23,12,1,1
TZA000365699600,0,0,0,0,1,0,0,23,12,1,1
TZA000404024992,0,1,0,0,0,0,0,23,2,1,4
TZA000365699598,0,0,0,0,0,0,0,23,12,1,1
TZA000365699605,0,0,0,0,1,0,0,23,12,1,1
TZA000365699710,0,0,0,0,0,0,0,23,12,1,1
TZA000365699713,0,0,0,0,0,0,0,23,12,1,1
TZA000404024970,0,0,0,0,1,0,1,23,2,1,4
TZA000404024971,0,1,0,0,1,0,0,23,2,1,4
TZA000404024968,0,1,0,0,1,0,1,23,2,1,4
TZA000404024963,0,1,0,0,1,0,0,23,2,1,4
TZA000404024961,0,1,0,0,1,0,0,23,2,1,4
TZA000404025000,0,1,0,0,1,0,0,23,2,1,4
TZA000404024979,0,1,0,0,1,0,0,23,2,1,4
TZA000404024965,0,0,0,0,1,0,0,23,2,1,4
TZA000403256032,0,1,0,0,1,0,0,23,2,1,4
TZA000404024997,0,1,0,0,1,0,0,23,2,1,4
TZA000404024977,0,0,0,0,0,0,0,23,2,1,4
TZA000404026015,0,1,0,1,1,0,0,23,2,1,4
TZA000404024982,0,1,0,0,1,0,0,23,2,2,4
TZA000404024990,0,1,0,0,1,0,0,23,2,2,4
TZA000404024998,0,1,0,0,0,0,0,23,2,1,4
TZA000404024964,0,0,0,0,1,0,0,23,2,1,4
TZA000404024995,0,1,0,0,0,0,0,23,2,1,4
TZA000403256040,0,0,0,0,1,0,0,23,2,1,4
TZA000404024910,0,0,0,0,1,0,0,23,12,1,3
TZA000404024903,1,0,0,0,1,0,0,23,12,1,3
TZA000403254915,1,0,0,1,0,0,0,23,1,1,1
TZA000404024765,0,0,0,0,0,0,1,23,12,2,1
TZA000192796071,1,0,0,0,0,0,0,23,12,1,1
TZA000404024905,1,0,0,0,1,0,1,23,12,1,3
TZA000404024907,0,1,0,0,1,0,0,23,12,1,3
TZA000404024361,1,0,0,0,0,0,1,23,12,1,1
TZA000404024902,0,1,0,0,1,0,1,23,12,2,3
TZA000404024904,0,0,0,0,1,0,0,23,12,1,3
TZA000404029550,0,1,0,0,0,0,0,23,12,2,3
TZA000404024773,0,0,0,0,0,0,0,23,12,1,1
TZA000404024776,1,0,0,0,0,0,0,23,12,2,1
TZA000403254916,0,1,0,0,1,0,0,23,1,1,1
TZA000365699635,0,0,0,1,0,0,0,23,1,1,2
TZA000404024918,1,0,0,0,1,0,0,23,12,1,3
TZA000404024906,0,0,0,0,1,0,0,23,12,1,3
TZA000365699758,0,0,0,0,0,0,0,23,12,1,1
TZA000365699645,0,0,0,0,0,0,0,23,12,1,1
TZA000365699642,0,0,0,0,0,0,0,23,12,1,1
TZA000365699542,0,0,0,0,0,0,0,23,12,1,1
TZA000365699657,0,0,0,0,0,0,0,23,12,1,2
TZA000365699768,1,0,0,0,0,1,1,23,12,1,1
TZA000365699771,1,0,0,0,0,0,0,23,12,1,1
TZA000365699769,0,0,0,0,1,1,1,23,12,1,1
TZA000365699767,0,0,0,0,0,0,0,23,12,1,1
TZA000365699667,0,0,0,0,0,0,1,23,12,1,1
TZA000365699669,0,0,0,0,0,0,1,23,12,1,1
TZA000404024299,0,0,0,0,0,0,0,23,12,1,1
TZA000403252470,0,0,0,1,0,0,0,23,12,1,2
TZA000365699591,1,0,0,0,0,1,0,23,12,1,1
TZA000365699660,1,0,0,0,0,0,1,23,12,1,1
TZA000365699576,0,0,0,0,0,1,1,23,12,1,1
TZA000404024739,1,0,0,0,0,0,0,23,12,1,1
TZA000365699661,1,0,0,0,0,0,0,23,12,1,1
TZA000403256148,0,0,0,0,1,0,0,23,12,1,1
TZA000365699732,0,1,0,0,0,0,1,23,12,1,1
TZA000192809268,0,0,0,0,0,0,0,1,8,1,NA
TZA000362735701,0,0,0,0,0,0,0,2,8,1,NA
TZA000362738380,0,1,0,0,0,0,0,14,7,1,NA
TZA000000000169,0,0,0,0,1,0,1,5,11,1,NA
TZA000192811621,0,0,0,0,0,0,0,3,9,1,NA
TZA000404000197,0,0,0,0,0,0,1,15,9,1,NA
TZA000365695279,0,1,0,0,0,0,1,20,10,1,NA
TZA000192812500,0,0,0,0,0,1,0,22,9,1,NA
TZA000365697901,0,0,0,0,0,0,0,10,10,1,NA
TZA000365701957,0,0,0,0,0,0,0,10,10,1,NA
TZA000404021907,0,0,0,0,1,0,1,7,2,1,NA
TZA000192803948,0,0,0,0,1,0,1,17,1,1,NA
TZA000365692849,1,0,0,0,1,0,1,23,12,1,NA
TZA000362738350,0,0,0,0,0,0,0,NA,NA,NA,NA
TZA000362738332,0,0,0,0,1,0,1,NA,NA,NA,NA
TZA000365696632,0,0,0,0,1,0,0,NA,11,1,4
TZA000365696248,0,0,0,0,1,0,0,NA,11,2,4
TZA000365696640,0,0,0,0,1,0,0,NA,11,1,4
TZA000365696541,0,0,0,0,1,0,1,NA,11,1,4
TZA000365696635,0,0,0,0,1,0,0,NA,11,1,4
TZA000404016541,0,0,0,0,1,0,0,NA,11,1,4
TZA000365696634,0,0,0,0,1,0,0,NA,11,1,4
TZA000365696630,0,0,0,0,1,0,0,NA,11,1,4
TZA000365696531,0,0,0,1,1,0,0,NA,11,1,3
TZA000365696439,1,0,0,0,0,0,0,NA,11,1,3
TZA000365696365,0,0,0,0,0,0,0,NA,11,1,3
TZA000365696443,0,0,0,0,1,0,0,NA,11,1,3
TZA000365696442,0,0,0,0,1,0,0,NA,11,2,3
TZA000365696440,0,0,0,0,0,0,0,NA,11,1,3
TZA000365696529,0,0,0,0,1,0,0,NA,11,1,3
TZA000365696362,0,0,0,0,0,0,0,NA,11,1,3
TZA000365696467,0,0,0,0,1,0,0,NA,11,2,3
TZA000365696364,0,0,0,0,0,0,0,NA,11,2,3
TZA000365696533,1,0,0,0,0,0,0,NA,11,2,3
TZA000404017054,0,0,0,1,1,0,0,NA,11,1,4
TZA000404017042,0,0,0,1,1,0,0,NA,11,1,4
TZA000404017146,0,1,0,0,1,0,0,NA,11,1,4
TZA000404017147,0,0,0,0,1,0,0,NA,11,1,4
TZA000404017041,0,1,0,0,0,0,1,NA,11,2,4
